{
	"__comment": "Designed by NullBlox/ZachryWilsn - http://nullblox.net",
	"textures": {
		"main": "items/nubx/miscellaneous/gas_can"
	},
	"elements": [ 	 
		{
			"__comment": "Voxels-BFBFBF",
			"from": [ 0, 19.5, 7.5 ],
			"to": [ 6, 20, 8.5 ],
			"faces": {
				"down": { "uv": [ 0.96, 4.96, 3.04, 7.04 ], "texture": "#main", "cullface": "up" },
				"up": { "uv": [ 0.96, 4.96, 3.04, 7.04 ], "texture": "#main", "cullface": "up" },
				"north": { "uv": [ 0.96, 4.96, 3.04, 7.04 ], "texture": "#main", "cullface": "up" },
				"south": { "uv": [ 0.96, 4.96, 3.04, 7.04 ], "texture": "#main", "cullface": "up" },
				"west": { "uv": [ 0.96, 4.96, 3.04, 7.04 ], "texture": "#main", "cullface": "up" },
				"east": { "uv": [ 0.96, 4.96, 3.04, 7.04 ], "texture": "#main", "cullface": "up" }
			}
		},
		{
			"__comment": "Voxels-BFBFBF",
			"from": [ 0, 20, 7.5 ],
			"to": [ 5.5, 20.5, 8.5 ],
			"faces": {
				"up": { "uv": [ 0.96, 4.96, 3.04, 7.04 ], "texture": "#main", "cullface": "up" },
				"north": { "uv": [ 0.96, 4.96, 3.04, 7.04 ], "texture": "#main", "cullface": "up" },
				"south": { "uv": [ 0.96, 4.96, 3.04, 7.04 ], "texture": "#main", "cullface": "up" },
				"west": { "uv": [ 0.96, 4.96, 3.04, 7.04 ], "texture": "#main", "cullface": "up" },
				"east": { "uv": [ 0.96, 4.96, 3.04, 7.04 ], "texture": "#main", "cullface": "up" }
			}
		},
		{
			"__comment": "Voxels-B70000",
			"from": [ 3, 0.5, 5.5 ],
			"to": [ 16, 14, 10.5 ],
			"faces": {
				"down": { "uv": [ 4.96, 0.96, 7.04, 3.04 ], "texture": "#main" },
				"up": { "uv": [ 4.96, 0.96, 7.04, 3.04 ], "texture": "#main" },
				"north": { "uv": [ 4.96, 0.96, 7.04, 3.04 ], "texture": "#main" },
				"south": { "uv": [ 4.96, 0.96, 7.04, 3.04 ], "texture": "#main" },
				"west": { "uv": [ 4.96, 0.96, 7.04, 3.04 ], "texture": "#main" },
				"east": { "uv": [ 4.96, 0.96, 7.04, 3.04 ], "texture": "#main", "cullface": "east" }
			}
		},
		{
			"__comment": "Voxels-B70000",
			"from": [ 3.5, 0, 5.5 ],
			"to": [ 15.5, 0.5, 10.5 ],
			"faces": {
				"down": { "uv": [ 4.96, 0.96, 7.04, 3.04 ], "texture": "#main", "cullface": "down" },
				"north": { "uv": [ 4.96, 0.96, 7.04, 3.04 ], "texture": "#main" },
				"south": { "uv": [ 4.96, 0.96, 7.04, 3.04 ], "texture": "#main" },
				"west": { "uv": [ 4.96, 0.96, 7.04, 3.04 ], "texture": "#main" },
				"east": { "uv": [ 4.96, 0.96, 7.04, 3.04 ], "texture": "#main" }
			}
		},
		{
			"__comment": "Voxels-B70000",
			"from": [ 3.5, 0.5, 5 ],
			"to": [ 15.5, 3.5, 5.5 ],
			"faces": {
				"down": { "uv": [ 4.96, 0.96, 7.04, 3.04 ], "texture": "#main" },
				"up": { "uv": [ 4.96, 0.96, 7.04, 3.04 ], "texture": "#main" },
				"north": { "uv": [ 4.96, 0.96, 7.04, 3.04 ], "texture": "#main" },
				"west": { "uv": [ 4.96, 0.96, 7.04, 3.04 ], "texture": "#main" },
				"east": { "uv": [ 4.96, 0.96, 7.04, 3.04 ], "texture": "#main" }
			}
		},
		{
			"__comment": "Voxels-B70000",
			"from": [ 3.5, 0.5, 10.5 ],
			"to": [ 15.5, 3.5, 11 ],
			"faces": {
				"down": { "uv": [ 4.96, 0.96, 7.04, 3.04 ], "texture": "#main" },
				"up": { "uv": [ 4.96, 0.96, 7.04, 3.04 ], "texture": "#main" },
				"south": { "uv": [ 4.96, 0.96, 7.04, 3.04 ], "texture": "#main" },
				"west": { "uv": [ 4.96, 0.96, 7.04, 3.04 ], "texture": "#main" },
				"east": { "uv": [ 4.96, 0.96, 7.04, 3.04 ], "texture": "#main" }
			}
		},
		{
			"__comment": "Voxels-B70000",
			"from": [ 3.5, 3.5, 5 ],
			"to": [ 6, 14, 5.5 ],
			"faces": {
				"up": { "uv": [ 4.96, 0.96, 7.04, 3.04 ], "texture": "#main" },
				"north": { "uv": [ 4.96, 0.96, 7.04, 3.04 ], "texture": "#main" },
				"west": { "uv": [ 4.96, 0.96, 7.04, 3.04 ], "texture": "#main" },
				"east": { "uv": [ 4.96, 0.96, 7.04, 3.04 ], "texture": "#main" }
			}
		},
		{
			"__comment": "Voxels-B70000",
			"from": [ 3.5, 3.5, 10.5 ],
			"to": [ 6, 14, 11 ],
			"faces": {
				"up": { "uv": [ 4.96, 0.96, 7.04, 3.04 ], "texture": "#main" },
				"south": { "uv": [ 4.96, 0.96, 7.04, 3.04 ], "texture": "#main" },
				"west": { "uv": [ 4.96, 0.96, 7.04, 3.04 ], "texture": "#main" },
				"east": { "uv": [ 4.96, 0.96, 7.04, 3.04 ], "texture": "#main" }
			}
		},
		{
			"__comment": "Voxels-B70000",
			"from": [ 3.5, 14, 5.5 ],
			"to": [ 15.5, 14.5, 10.5 ],
			"faces": {
				"up": { "uv": [ 4.96, 0.96, 7.04, 3.04 ], "texture": "#main" },
				"north": { "uv": [ 4.96, 0.96, 7.04, 3.04 ], "texture": "#main" },
				"south": { "uv": [ 4.96, 0.96, 7.04, 3.04 ], "texture": "#main" },
				"west": { "uv": [ 4.96, 0.96, 7.04, 3.04 ], "texture": "#main" },
				"east": { "uv": [ 4.96, 0.96, 7.04, 3.04 ], "texture": "#main" }
			}
		},
		{
			"__comment": "Voxels-B70000",
			"from": [ 4, 0, 5 ],
			"to": [ 15, 0.5, 5.5 ],
			"faces": {
				"down": { "uv": [ 4.96, 0.96, 7.04, 3.04 ], "texture": "#main", "cullface": "down" },
				"north": { "uv": [ 4.96, 0.96, 7.04, 3.04 ], "texture": "#main" },
				"west": { "uv": [ 4.96, 0.96, 7.04, 3.04 ], "texture": "#main" },
				"east": { "uv": [ 4.96, 0.96, 7.04, 3.04 ], "texture": "#main" }
			}
		},
		{
			"__comment": "Voxels-B70000",
			"from": [ 4, 0, 10.5 ],
			"to": [ 15, 0.5, 11 ],
			"faces": {
				"down": { "uv": [ 4.96, 0.96, 7.04, 3.04 ], "texture": "#main", "cullface": "down" },
				"south": { "uv": [ 4.96, 0.96, 7.04, 3.04 ], "texture": "#main" },
				"west": { "uv": [ 4.96, 0.96, 7.04, 3.04 ], "texture": "#main" },
				"east": { "uv": [ 4.96, 0.96, 7.04, 3.04 ], "texture": "#main" }
			}
		},
		{
			"__comment": "Voxels-B70000",
			"from": [ 4, 0.5, 4.5 ],
			"to": [ 15, 3.5, 5 ],
			"faces": {
				"down": { "uv": [ 4.96, 0.96, 7.04, 3.04 ], "texture": "#main" },
				"up": { "uv": [ 4.96, 0.96, 7.04, 3.04 ], "texture": "#main" },
				"north": { "uv": [ 4.96, 0.96, 7.04, 3.04 ], "texture": "#main" },
				"west": { "uv": [ 4.96, 0.96, 7.04, 3.04 ], "texture": "#main" },
				"east": { "uv": [ 4.96, 0.96, 7.04, 3.04 ], "texture": "#main" }
			}
		},
		{
			"__comment": "Voxels-B70000",
			"from": [ 4, 0.5, 11 ],
			"to": [ 15, 3.5, 11.5 ],
			"faces": {
				"down": { "uv": [ 4.96, 0.96, 7.04, 3.04 ], "texture": "#main" },
				"up": { "uv": [ 4.96, 0.96, 7.04, 3.04 ], "texture": "#main" },
				"south": { "uv": [ 4.96, 0.96, 7.04, 3.04 ], "texture": "#main" },
				"west": { "uv": [ 4.96, 0.96, 7.04, 3.04 ], "texture": "#main" },
				"east": { "uv": [ 4.96, 0.96, 7.04, 3.04 ], "texture": "#main" }
			}
		},
		{
			"__comment": "Voxels-B70000",
			"from": [ 4, 3.5, 4.5 ],
			"to": [ 6, 14, 5 ],
			"faces": {
				"up": { "uv": [ 4.96, 0.96, 7.04, 3.04 ], "texture": "#main" },
				"north": { "uv": [ 4.96, 0.96, 7.04, 3.04 ], "texture": "#main" },
				"west": { "uv": [ 4.96, 0.96, 7.04, 3.04 ], "texture": "#main" },
				"east": { "uv": [ 4.96, 0.96, 7.04, 3.04 ], "texture": "#main" }
			}
		},
		{
			"__comment": "Voxels-B70000",
			"from": [ 4, 3.5, 11 ],
			"to": [ 6, 14, 11.5 ],
			"faces": {
				"up": { "uv": [ 4.96, 0.96, 7.04, 3.04 ], "texture": "#main" },
				"south": { "uv": [ 4.96, 0.96, 7.04, 3.04 ], "texture": "#main" },
				"west": { "uv": [ 4.96, 0.96, 7.04, 3.04 ], "texture": "#main" },
				"east": { "uv": [ 4.96, 0.96, 7.04, 3.04 ], "texture": "#main" }
			}
		},
		{
			"__comment": "Voxels-B70000",
			"from": [ 4, 14, 5 ],
			"to": [ 15, 14.5, 5.5 ],
			"faces": {
				"down": { "uv": [ 4.96, 0.96, 7.04, 3.04 ], "texture": "#main" },
				"up": { "uv": [ 4.96, 0.96, 7.04, 3.04 ], "texture": "#main" },
				"north": { "uv": [ 4.96, 0.96, 7.04, 3.04 ], "texture": "#main" },
				"west": { "uv": [ 4.96, 0.96, 7.04, 3.04 ], "texture": "#main" },
				"east": { "uv": [ 4.96, 0.96, 7.04, 3.04 ], "texture": "#main" }
			}
		},
		{
			"__comment": "Voxels-B70000",
			"from": [ 4, 14, 10.5 ],
			"to": [ 15, 14.5, 11 ],
			"faces": {
				"down": { "uv": [ 4.96, 0.96, 7.04, 3.04 ], "texture": "#main" },
				"up": { "uv": [ 4.96, 0.96, 7.04, 3.04 ], "texture": "#main" },
				"south": { "uv": [ 4.96, 0.96, 7.04, 3.04 ], "texture": "#main" },
				"west": { "uv": [ 4.96, 0.96, 7.04, 3.04 ], "texture": "#main" },
				"east": { "uv": [ 4.96, 0.96, 7.04, 3.04 ], "texture": "#main" }
			}
		},
		{
			"__comment": "Voxels-0F0F0F",
			"from": [ 4, 14.5, 7 ],
			"to": [ 7, 16, 9 ],
			"faces": {
				"up": { "uv": [ 12.96, 0.96, 15.04, 3.04 ], "texture": "#main", "cullface": "up" },
				"north": { "uv": [ 12.96, 0.96, 15.04, 3.04 ], "texture": "#main" },
				"south": { "uv": [ 12.96, 0.96, 15.04, 3.04 ], "texture": "#main" },
				"west": { "uv": [ 12.96, 0.96, 15.04, 3.04 ], "texture": "#main" },
				"east": { "uv": [ 12.96, 0.96, 15.04, 3.04 ], "texture": "#main" }
			}
		},
		{
			"__comment": "Voxels-0F0F0F",
			"from": [ 4, 16, 7.5 ],
			"to": [ 7, 16.5, 8.5 ],
			"faces": {
				"up": { "uv": [ 12.96, 0.96, 15.04, 3.04 ], "texture": "#main", "cullface": "up" },
				"north": { "uv": [ 12.96, 0.96, 15.04, 3.04 ], "texture": "#main", "cullface": "up" },
				"south": { "uv": [ 12.96, 0.96, 15.04, 3.04 ], "texture": "#main", "cullface": "up" },
				"west": { "uv": [ 12.96, 0.96, 15.04, 3.04 ], "texture": "#main", "cullface": "up" },
				"east": { "uv": [ 12.96, 0.96, 15.04, 3.04 ], "texture": "#main", "cullface": "up" }
			}
		},
		{
			"__comment": "Voxels-0F0F0F",
			"from": [ 4.5, 14.5, 6.5 ],
			"to": [ 6.5, 16, 7 ],
			"faces": {
				"up": { "uv": [ 12.96, 0.96, 15.04, 3.04 ], "texture": "#main", "cullface": "up" },
				"north": { "uv": [ 12.96, 0.96, 15.04, 3.04 ], "texture": "#main" },
				"west": { "uv": [ 12.96, 0.96, 15.04, 3.04 ], "texture": "#main" },
				"east": { "uv": [ 12.96, 0.96, 15.04, 3.04 ], "texture": "#main" }
			}
		},
		{
			"__comment": "Voxels-0F0F0F",
			"from": [ 4.5, 14.5, 9 ],
			"to": [ 6.5, 16, 9.5 ],
			"faces": {
				"up": { "uv": [ 12.96, 0.96, 15.04, 3.04 ], "texture": "#main", "cullface": "up" },
				"south": { "uv": [ 12.96, 0.96, 15.04, 3.04 ], "texture": "#main" },
				"west": { "uv": [ 12.96, 0.96, 15.04, 3.04 ], "texture": "#main" },
				"east": { "uv": [ 12.96, 0.96, 15.04, 3.04 ], "texture": "#main" }
			}
		},
		{
			"__comment": "Voxels-0F0F0F",
			"from": [ 4.5, 16, 7 ],
			"to": [ 6.5, 16.5, 7.5 ],
			"faces": {
				"up": { "uv": [ 12.96, 0.96, 15.04, 3.04 ], "texture": "#main", "cullface": "up" },
				"north": { "uv": [ 12.96, 0.96, 15.04, 3.04 ], "texture": "#main", "cullface": "up" },
				"west": { "uv": [ 12.96, 0.96, 15.04, 3.04 ], "texture": "#main", "cullface": "up" },
				"east": { "uv": [ 12.96, 0.96, 15.04, 3.04 ], "texture": "#main", "cullface": "up" }
			}
		},
		{
			"__comment": "Voxels-0F0F0F",
			"from": [ 4.5, 16, 8.5 ],
			"to": [ 6.5, 16.5, 9 ],
			"faces": {
				"up": { "uv": [ 12.96, 0.96, 15.04, 3.04 ], "texture": "#main", "cullface": "up" },
				"south": { "uv": [ 12.96, 0.96, 15.04, 3.04 ], "texture": "#main", "cullface": "up" },
				"west": { "uv": [ 12.96, 0.96, 15.04, 3.04 ], "texture": "#main", "cullface": "up" },
				"east": { "uv": [ 12.96, 0.96, 15.04, 3.04 ], "texture": "#main", "cullface": "up" }
			}
		},
		{
			"__comment": "Voxels-1B1B1B",
			"from": [ 4.5, 16.5, 7.5 ],
			"to": [ 6.5, 17, 8.5 ],
			"faces": {
				"up": { "uv": [ 4.96, 4.96, 7.04, 7.04 ], "texture": "#main", "cullface": "up" },
				"north": { "uv": [ 4.96, 4.96, 7.04, 7.04 ], "texture": "#main", "cullface": "up" },
				"south": { "uv": [ 4.96, 4.96, 7.04, 7.04 ], "texture": "#main", "cullface": "up" },
				"west": { "uv": [ 4.96, 4.96, 7.04, 7.04 ], "texture": "#main", "cullface": "up" },
				"east": { "uv": [ 4.96, 4.96, 7.04, 7.04 ], "texture": "#main", "cullface": "up" }
			}
		},
		{
			"__comment": "Voxels-BFBFBF",
			"from": [ 4.5, 19, 7.5 ],
			"to": [ 6, 19.5, 8.5 ],
			"faces": {
				"down": { "uv": [ 0.96, 4.96, 3.04, 7.04 ], "texture": "#main", "cullface": "up" },
				"north": { "uv": [ 0.96, 4.96, 3.04, 7.04 ], "texture": "#main", "cullface": "up" },
				"south": { "uv": [ 0.96, 4.96, 3.04, 7.04 ], "texture": "#main", "cullface": "up" },
				"west": { "uv": [ 0.96, 4.96, 3.04, 7.04 ], "texture": "#main", "cullface": "up" },
				"east": { "uv": [ 0.96, 4.96, 3.04, 7.04 ], "texture": "#main", "cullface": "up" }
			}
		},
		{
			"__comment": "Voxels-0F0F0F",
			"from": [ 5, 16, 6.5 ],
			"to": [ 6, 16.5, 7 ],
			"faces": {
				"up": { "uv": [ 12.96, 0.96, 15.04, 3.04 ], "texture": "#main", "cullface": "up" },
				"north": { "uv": [ 12.96, 0.96, 15.04, 3.04 ], "texture": "#main", "cullface": "up" },
				"west": { "uv": [ 12.96, 0.96, 15.04, 3.04 ], "texture": "#main", "cullface": "up" },
				"east": { "uv": [ 12.96, 0.96, 15.04, 3.04 ], "texture": "#main", "cullface": "up" }
			}
		},
		{
			"__comment": "Voxels-0F0F0F",
			"from": [ 5, 16, 9 ],
			"to": [ 6, 16.5, 9.5 ],
			"faces": {
				"up": { "uv": [ 12.96, 0.96, 15.04, 3.04 ], "texture": "#main", "cullface": "up" },
				"south": { "uv": [ 12.96, 0.96, 15.04, 3.04 ], "texture": "#main", "cullface": "up" },
				"west": { "uv": [ 12.96, 0.96, 15.04, 3.04 ], "texture": "#main", "cullface": "up" },
				"east": { "uv": [ 12.96, 0.96, 15.04, 3.04 ], "texture": "#main", "cullface": "up" }
			}
		},
		{
			"__comment": "Voxels-1B1B1B",
			"from": [ 5, 16.5, 7 ],
			"to": [ 6, 17, 7.5 ],
			"faces": {
				"up": { "uv": [ 4.96, 4.96, 7.04, 7.04 ], "texture": "#main", "cullface": "up" },
				"north": { "uv": [ 4.96, 4.96, 7.04, 7.04 ], "texture": "#main", "cullface": "up" },
				"west": { "uv": [ 4.96, 4.96, 7.04, 7.04 ], "texture": "#main", "cullface": "up" },
				"east": { "uv": [ 4.96, 4.96, 7.04, 7.04 ], "texture": "#main", "cullface": "up" }
			}
		},
		{
			"__comment": "Voxels-1B1B1B",
			"from": [ 5, 16.5, 8.5 ],
			"to": [ 6, 17, 9 ],
			"faces": {
				"up": { "uv": [ 4.96, 4.96, 7.04, 7.04 ], "texture": "#main", "cullface": "up" },
				"south": { "uv": [ 4.96, 4.96, 7.04, 7.04 ], "texture": "#main", "cullface": "up" },
				"west": { "uv": [ 4.96, 4.96, 7.04, 7.04 ], "texture": "#main", "cullface": "up" },
				"east": { "uv": [ 4.96, 4.96, 7.04, 7.04 ], "texture": "#main", "cullface": "up" }
			}
		},
		{
			"__comment": "Voxels-BFBFBF",
			"from": [ 5, 17, 7.5 ],
			"to": [ 6, 19, 8.5 ],
			"faces": {
				"north": { "uv": [ 0.96, 4.96, 3.04, 7.04 ], "texture": "#main", "cullface": "up" },
				"south": { "uv": [ 0.96, 4.96, 3.04, 7.04 ], "texture": "#main", "cullface": "up" },
				"west": { "uv": [ 0.96, 4.96, 3.04, 7.04 ], "texture": "#main", "cullface": "up" },
				"east": { "uv": [ 0.96, 4.96, 3.04, 7.04 ], "texture": "#main", "cullface": "up" }
			}
		},
		{
			"__comment": "Voxels-9B0000",
			"from": [ 6, 3.5, 5 ],
			"to": [ 13, 10.5, 5.5 ],
			"faces": {
				"north": { "uv": [ 8.96, 0.96, 11.04, 3.04 ], "texture": "#main" },
				"east": { "uv": [ 8.96, 0.96, 11.04, 3.04 ], "texture": "#main" }
			}
		},
		{
			"__comment": "Voxels-9B0000",
			"from": [ 6, 3.5, 10.5 ],
			"to": [ 13, 10.5, 11 ],
			"faces": {
				"south": { "uv": [ 8.96, 0.96, 11.04, 3.04 ], "texture": "#main" }
			}
		},
		{
			"__comment": "Voxels-B70000",
			"from": [ 6, 4.5, 4.5 ],
			"to": [ 6.5, 9.5, 5 ],
			"faces": {
				"down": { "uv": [ 4.96, 0.96, 7.04, 3.04 ], "texture": "#main" },
				"up": { "uv": [ 4.96, 0.96, 7.04, 3.04 ], "texture": "#main" },
				"north": { "uv": [ 4.96, 0.96, 7.04, 3.04 ], "texture": "#main" },
				"east": { "uv": [ 4.96, 0.96, 7.04, 3.04 ], "texture": "#main" }
			}
		},
		{
			"__comment": "Voxels-B70000",
			"from": [ 6, 4.5, 11 ],
			"to": [ 6.5, 9.5, 11.5 ],
			"faces": {
				"down": { "uv": [ 4.96, 0.96, 7.04, 3.04 ], "texture": "#main" },
				"up": { "uv": [ 4.96, 0.96, 7.04, 3.04 ], "texture": "#main" },
				"south": { "uv": [ 4.96, 0.96, 7.04, 3.04 ], "texture": "#main" },
				"east": { "uv": [ 4.96, 0.96, 7.04, 3.04 ], "texture": "#main" }
			}
		},
		{
			"__comment": "Voxels-B70000",
			"from": [ 6, 10.5, 4.5 ],
			"to": [ 15, 14, 5.5 ],
			"faces": {
				"down": { "uv": [ 4.96, 0.96, 7.04, 3.04 ], "texture": "#main" },
				"up": { "uv": [ 4.96, 0.96, 7.04, 3.04 ], "texture": "#main" },
				"north": { "uv": [ 4.96, 0.96, 7.04, 3.04 ], "texture": "#main" },
				"west": { "uv": [ 4.96, 0.96, 7.04, 3.04 ], "texture": "#main" },
				"east": { "uv": [ 4.96, 0.96, 7.04, 3.04 ], "texture": "#main" }
			}
		},
		{
			"__comment": "Voxels-B70000",
			"from": [ 6, 10.5, 10.5 ],
			"to": [ 15.5, 14, 11 ],
			"faces": {
				"down": { "uv": [ 4.96, 0.96, 7.04, 3.04 ], "texture": "#main" },
				"up": { "uv": [ 4.96, 0.96, 7.04, 3.04 ], "texture": "#main" },
				"south": { "uv": [ 4.96, 0.96, 7.04, 3.04 ], "texture": "#main" },
				"east": { "uv": [ 4.96, 0.96, 7.04, 3.04 ], "texture": "#main" }
			}
		},
		{
			"__comment": "Voxels-B70000",
			"from": [ 6, 10.5, 11 ],
			"to": [ 15, 14, 11.5 ],
			"faces": {
				"down": { "uv": [ 4.96, 0.96, 7.04, 3.04 ], "texture": "#main" },
				"up": { "uv": [ 4.96, 0.96, 7.04, 3.04 ], "texture": "#main" },
				"south": { "uv": [ 4.96, 0.96, 7.04, 3.04 ], "texture": "#main" },
				"east": { "uv": [ 4.96, 0.96, 7.04, 3.04 ], "texture": "#main" }
			}
		},
		{
			"__comment": "Voxels-B70000",
			"from": [ 6.5, 5, 4.5 ],
			"to": [ 7, 9, 5 ],
			"faces": {
				"down": { "uv": [ 4.96, 0.96, 7.04, 3.04 ], "texture": "#main" },
				"up": { "uv": [ 4.96, 0.96, 7.04, 3.04 ], "texture": "#main" },
				"north": { "uv": [ 4.96, 0.96, 7.04, 3.04 ], "texture": "#main" },
				"east": { "uv": [ 4.96, 0.96, 7.04, 3.04 ], "texture": "#main" }
			}
		},
		{
			"__comment": "Voxels-B70000",
			"from": [ 6.5, 5, 11 ],
			"to": [ 7, 9, 11.5 ],
			"faces": {
				"down": { "uv": [ 4.96, 0.96, 7.04, 3.04 ], "texture": "#main" },
				"up": { "uv": [ 4.96, 0.96, 7.04, 3.04 ], "texture": "#main" },
				"south": { "uv": [ 4.96, 0.96, 7.04, 3.04 ], "texture": "#main" },
				"east": { "uv": [ 4.96, 0.96, 7.04, 3.04 ], "texture": "#main" }
			}
		},
		{
			"__comment": "Voxels-B70000",
			"from": [ 7, 3.5, 4.5 ],
			"to": [ 12, 4, 5 ],
			"faces": {
				"up": { "uv": [ 4.96, 0.96, 7.04, 3.04 ], "texture": "#main" },
				"north": { "uv": [ 4.96, 0.96, 7.04, 3.04 ], "texture": "#main" },
				"west": { "uv": [ 4.96, 0.96, 7.04, 3.04 ], "texture": "#main" },
				"east": { "uv": [ 4.96, 0.96, 7.04, 3.04 ], "texture": "#main" }
			}
		},
		{
			"__comment": "Voxels-B70000",
			"from": [ 7, 3.5, 11 ],
			"to": [ 12, 4, 11.5 ],
			"faces": {
				"up": { "uv": [ 4.96, 0.96, 7.04, 3.04 ], "texture": "#main" },
				"south": { "uv": [ 4.96, 0.96, 7.04, 3.04 ], "texture": "#main" },
				"west": { "uv": [ 4.96, 0.96, 7.04, 3.04 ], "texture": "#main" },
				"east": { "uv": [ 4.96, 0.96, 7.04, 3.04 ], "texture": "#main" }
			}
		},
		{
			"__comment": "Voxels-B70000",
			"from": [ 7, 5.5, 4.5 ],
			"to": [ 7.5, 8.5, 5 ],
			"faces": {
				"down": { "uv": [ 4.96, 0.96, 7.04, 3.04 ], "texture": "#main" },
				"up": { "uv": [ 4.96, 0.96, 7.04, 3.04 ], "texture": "#main" },
				"north": { "uv": [ 4.96, 0.96, 7.04, 3.04 ], "texture": "#main" },
				"east": { "uv": [ 4.96, 0.96, 7.04, 3.04 ], "texture": "#main" }
			}
		},
		{
			"__comment": "Voxels-B70000",
			"from": [ 7, 5.5, 11 ],
			"to": [ 7.5, 8.5, 11.5 ],
			"faces": {
				"down": { "uv": [ 4.96, 0.96, 7.04, 3.04 ], "texture": "#main" },
				"up": { "uv": [ 4.96, 0.96, 7.04, 3.04 ], "texture": "#main" },
				"south": { "uv": [ 4.96, 0.96, 7.04, 3.04 ], "texture": "#main" },
				"east": { "uv": [ 4.96, 0.96, 7.04, 3.04 ], "texture": "#main" }
			}
		},
		{
			"__comment": "Voxels-B70000",
			"from": [ 7, 10, 4.5 ],
			"to": [ 12, 10.5, 5 ],
			"faces": {
				"down": { "uv": [ 4.96, 0.96, 7.04, 3.04 ], "texture": "#main" },
				"north": { "uv": [ 4.96, 0.96, 7.04, 3.04 ], "texture": "#main" },
				"west": { "uv": [ 4.96, 0.96, 7.04, 3.04 ], "texture": "#main" },
				"east": { "uv": [ 4.96, 0.96, 7.04, 3.04 ], "texture": "#main" }
			}
		},
		{
			"__comment": "Voxels-B70000",
			"from": [ 7, 10, 11 ],
			"to": [ 12, 10.5, 11.5 ],
			"faces": {
				"down": { "uv": [ 4.96, 0.96, 7.04, 3.04 ], "texture": "#main" },
				"south": { "uv": [ 4.96, 0.96, 7.04, 3.04 ], "texture": "#main" },
				"west": { "uv": [ 4.96, 0.96, 7.04, 3.04 ], "texture": "#main" },
				"east": { "uv": [ 4.96, 0.96, 7.04, 3.04 ], "texture": "#main" }
			}
		},
		{
			"__comment": "Voxels-B70000",
			"from": [ 7.5, 4, 4.5 ],
			"to": [ 11.5, 4.5, 5 ],
			"faces": {
				"up": { "uv": [ 4.96, 0.96, 7.04, 3.04 ], "texture": "#main" },
				"north": { "uv": [ 4.96, 0.96, 7.04, 3.04 ], "texture": "#main" },
				"west": { "uv": [ 4.96, 0.96, 7.04, 3.04 ], "texture": "#main" },
				"east": { "uv": [ 4.96, 0.96, 7.04, 3.04 ], "texture": "#main" }
			}
		},
		{
			"__comment": "Voxels-B70000",
			"from": [ 7.5, 4, 11 ],
			"to": [ 11.5, 4.5, 11.5 ],
			"faces": {
				"up": { "uv": [ 4.96, 0.96, 7.04, 3.04 ], "texture": "#main" },
				"south": { "uv": [ 4.96, 0.96, 7.04, 3.04 ], "texture": "#main" },
				"west": { "uv": [ 4.96, 0.96, 7.04, 3.04 ], "texture": "#main" },
				"east": { "uv": [ 4.96, 0.96, 7.04, 3.04 ], "texture": "#main" }
			}
		},
		{
			"__comment": "Voxels-B70000",
			"from": [ 7.5, 6, 4.5 ],
			"to": [ 8, 8, 5 ],
			"faces": {
				"down": { "uv": [ 4.96, 0.96, 7.04, 3.04 ], "texture": "#main" },
				"up": { "uv": [ 4.96, 0.96, 7.04, 3.04 ], "texture": "#main" },
				"north": { "uv": [ 4.96, 0.96, 7.04, 3.04 ], "texture": "#main" },
				"east": { "uv": [ 4.96, 0.96, 7.04, 3.04 ], "texture": "#main" }
			}
		},
		{
			"__comment": "Voxels-B70000",
			"from": [ 7.5, 6, 11 ],
			"to": [ 8, 8, 11.5 ],
			"faces": {
				"down": { "uv": [ 4.96, 0.96, 7.04, 3.04 ], "texture": "#main" },
				"up": { "uv": [ 4.96, 0.96, 7.04, 3.04 ], "texture": "#main" },
				"south": { "uv": [ 4.96, 0.96, 7.04, 3.04 ], "texture": "#main" },
				"east": { "uv": [ 4.96, 0.96, 7.04, 3.04 ], "texture": "#main" }
			}
		},
		{
			"__comment": "Voxels-B70000",
			"from": [ 7.5, 9.5, 4.5 ],
			"to": [ 11.5, 10, 5 ],
			"faces": {
				"down": { "uv": [ 4.96, 0.96, 7.04, 3.04 ], "texture": "#main" },
				"north": { "uv": [ 4.96, 0.96, 7.04, 3.04 ], "texture": "#main" },
				"west": { "uv": [ 4.96, 0.96, 7.04, 3.04 ], "texture": "#main" },
				"east": { "uv": [ 4.96, 0.96, 7.04, 3.04 ], "texture": "#main" }
			}
		},
		{
			"__comment": "Voxels-B70000",
			"from": [ 7.5, 9.5, 11 ],
			"to": [ 11.5, 10, 11.5 ],
			"faces": {
				"down": { "uv": [ 4.96, 0.96, 7.04, 3.04 ], "texture": "#main" },
				"south": { "uv": [ 4.96, 0.96, 7.04, 3.04 ], "texture": "#main" },
				"west": { "uv": [ 4.96, 0.96, 7.04, 3.04 ], "texture": "#main" },
				"east": { "uv": [ 4.96, 0.96, 7.04, 3.04 ], "texture": "#main" }
			}
		},
		{
			"__comment": "Voxels-B70000",
			"from": [ 8, 4.5, 4.5 ],
			"to": [ 11, 5, 5 ],
			"faces": {
				"up": { "uv": [ 4.96, 0.96, 7.04, 3.04 ], "texture": "#main" },
				"north": { "uv": [ 4.96, 0.96, 7.04, 3.04 ], "texture": "#main" },
				"west": { "uv": [ 4.96, 0.96, 7.04, 3.04 ], "texture": "#main" },
				"east": { "uv": [ 4.96, 0.96, 7.04, 3.04 ], "texture": "#main" }
			}
		},
		{
			"__comment": "Voxels-B70000",
			"from": [ 8, 4.5, 11 ],
			"to": [ 11, 5, 11.5 ],
			"faces": {
				"up": { "uv": [ 4.96, 0.96, 7.04, 3.04 ], "texture": "#main" },
				"south": { "uv": [ 4.96, 0.96, 7.04, 3.04 ], "texture": "#main" },
				"west": { "uv": [ 4.96, 0.96, 7.04, 3.04 ], "texture": "#main" },
				"east": { "uv": [ 4.96, 0.96, 7.04, 3.04 ], "texture": "#main" }
			}
		},
		{
			"__comment": "Voxels-B70000",
			"from": [ 8, 6.5, 4.5 ],
			"to": [ 8.5, 7.5, 5 ],
			"faces": {
				"down": { "uv": [ 4.96, 0.96, 7.04, 3.04 ], "texture": "#main" },
				"up": { "uv": [ 4.96, 0.96, 7.04, 3.04 ], "texture": "#main" },
				"north": { "uv": [ 4.96, 0.96, 7.04, 3.04 ], "texture": "#main" },
				"east": { "uv": [ 4.96, 0.96, 7.04, 3.04 ], "texture": "#main" }
			}
		},
		{
			"__comment": "Voxels-B70000",
			"from": [ 8, 6.5, 11 ],
			"to": [ 8.5, 7.5, 11.5 ],
			"faces": {
				"down": { "uv": [ 4.96, 0.96, 7.04, 3.04 ], "texture": "#main" },
				"up": { "uv": [ 4.96, 0.96, 7.04, 3.04 ], "texture": "#main" },
				"south": { "uv": [ 4.96, 0.96, 7.04, 3.04 ], "texture": "#main" },
				"east": { "uv": [ 4.96, 0.96, 7.04, 3.04 ], "texture": "#main" }
			}
		},
		{
			"__comment": "Voxels-B70000",
			"from": [ 8, 9, 4.5 ],
			"to": [ 11, 9.5, 5 ],
			"faces": {
				"down": { "uv": [ 4.96, 0.96, 7.04, 3.04 ], "texture": "#main" },
				"north": { "uv": [ 4.96, 0.96, 7.04, 3.04 ], "texture": "#main" },
				"west": { "uv": [ 4.96, 0.96, 7.04, 3.04 ], "texture": "#main" },
				"east": { "uv": [ 4.96, 0.96, 7.04, 3.04 ], "texture": "#main" }
			}
		},
		{
			"__comment": "Voxels-B70000",
			"from": [ 8, 9, 11 ],
			"to": [ 11, 9.5, 11.5 ],
			"faces": {
				"down": { "uv": [ 4.96, 0.96, 7.04, 3.04 ], "texture": "#main" },
				"south": { "uv": [ 4.96, 0.96, 7.04, 3.04 ], "texture": "#main" },
				"west": { "uv": [ 4.96, 0.96, 7.04, 3.04 ], "texture": "#main" },
				"east": { "uv": [ 4.96, 0.96, 7.04, 3.04 ], "texture": "#main" }
			}
		},
		{
			"__comment": "Voxels-9B0000",
			"from": [ 8, 14.5, 7.5 ],
			"to": [ 9.5, 17.5, 8.5 ],
			"faces": {
				"up": { "uv": [ 8.96, 0.96, 11.04, 3.04 ], "texture": "#main", "cullface": "up" },
				"north": { "uv": [ 8.96, 0.96, 11.04, 3.04 ], "texture": "#main", "cullface": "up" },
				"south": { "uv": [ 8.96, 0.96, 11.04, 3.04 ], "texture": "#main", "cullface": "up" },
				"west": { "uv": [ 8.96, 0.96, 11.04, 3.04 ], "texture": "#main", "cullface": "up" },
				"east": { "uv": [ 8.96, 0.96, 11.04, 3.04 ], "texture": "#main", "cullface": "up" }
			}
		},
		{
			"__comment": "Voxels-B70000",
			"from": [ 8.5, 5, 4.5 ],
			"to": [ 10.5, 5.5, 5 ],
			"faces": {
				"up": { "uv": [ 4.96, 0.96, 7.04, 3.04 ], "texture": "#main" },
				"north": { "uv": [ 4.96, 0.96, 7.04, 3.04 ], "texture": "#main" },
				"west": { "uv": [ 4.96, 0.96, 7.04, 3.04 ], "texture": "#main" },
				"east": { "uv": [ 4.96, 0.96, 7.04, 3.04 ], "texture": "#main" }
			}
		},
		{
			"__comment": "Voxels-B70000",
			"from": [ 8.5, 5, 11 ],
			"to": [ 10.5, 5.5, 11.5 ],
			"faces": {
				"up": { "uv": [ 4.96, 0.96, 7.04, 3.04 ], "texture": "#main" },
				"south": { "uv": [ 4.96, 0.96, 7.04, 3.04 ], "texture": "#main" },
				"west": { "uv": [ 4.96, 0.96, 7.04, 3.04 ], "texture": "#main" },
				"east": { "uv": [ 4.96, 0.96, 7.04, 3.04 ], "texture": "#main" }
			}
		},
		{
			"__comment": "Voxels-B70000",
			"from": [ 8.5, 8.5, 4.5 ],
			"to": [ 10.5, 9, 5 ],
			"faces": {
				"down": { "uv": [ 4.96, 0.96, 7.04, 3.04 ], "texture": "#main" },
				"north": { "uv": [ 4.96, 0.96, 7.04, 3.04 ], "texture": "#main" },
				"west": { "uv": [ 4.96, 0.96, 7.04, 3.04 ], "texture": "#main" },
				"east": { "uv": [ 4.96, 0.96, 7.04, 3.04 ], "texture": "#main" }
			}
		},
		{
			"__comment": "Voxels-B70000",
			"from": [ 8.5, 8.5, 11 ],
			"to": [ 10.5, 9, 11.5 ],
			"faces": {
				"down": { "uv": [ 4.96, 0.96, 7.04, 3.04 ], "texture": "#main" },
				"south": { "uv": [ 4.96, 0.96, 7.04, 3.04 ], "texture": "#main" },
				"west": { "uv": [ 4.96, 0.96, 7.04, 3.04 ], "texture": "#main" },
				"east": { "uv": [ 4.96, 0.96, 7.04, 3.04 ], "texture": "#main" }
			}
		},
		{
			"__comment": "Voxels-9B0000",
			"from": [ 8.5, 14.5, 7 ],
			"to": [ 9, 17.5, 7.5 ],
			"faces": {
				"up": { "uv": [ 8.96, 0.96, 11.04, 3.04 ], "texture": "#main", "cullface": "up" },
				"north": { "uv": [ 8.96, 0.96, 11.04, 3.04 ], "texture": "#main", "cullface": "up" },
				"west": { "uv": [ 8.96, 0.96, 11.04, 3.04 ], "texture": "#main", "cullface": "up" },
				"east": { "uv": [ 8.96, 0.96, 11.04, 3.04 ], "texture": "#main", "cullface": "up" }
			}
		},
		{
			"__comment": "Voxels-9B0000",
			"from": [ 8.5, 14.5, 8.5 ],
			"to": [ 9, 17.5, 9 ],
			"faces": {
				"up": { "uv": [ 8.96, 0.96, 11.04, 3.04 ], "texture": "#main", "cullface": "up" },
				"south": { "uv": [ 8.96, 0.96, 11.04, 3.04 ], "texture": "#main", "cullface": "up" },
				"west": { "uv": [ 8.96, 0.96, 11.04, 3.04 ], "texture": "#main", "cullface": "up" },
				"east": { "uv": [ 8.96, 0.96, 11.04, 3.04 ], "texture": "#main", "cullface": "up" }
			}
		},
		{
			"__comment": "Voxels-9B0000",
			"from": [ 8.5, 17.5, 7.5 ],
			"to": [ 14, 18, 8.5 ],
			"faces": {
				"down": { "uv": [ 8.96, 0.96, 11.04, 3.04 ], "texture": "#main", "cullface": "up" },
				"up": { "uv": [ 8.96, 0.96, 11.04, 3.04 ], "texture": "#main", "cullface": "up" },
				"north": { "uv": [ 8.96, 0.96, 11.04, 3.04 ], "texture": "#main", "cullface": "up" },
				"south": { "uv": [ 8.96, 0.96, 11.04, 3.04 ], "texture": "#main", "cullface": "up" },
				"west": { "uv": [ 8.96, 0.96, 11.04, 3.04 ], "texture": "#main", "cullface": "up" },
				"east": { "uv": [ 8.96, 0.96, 11.04, 3.04 ], "texture": "#main", "cullface": "up" }
			}
		},
		{
			"__comment": "Voxels-B70000",
			"from": [ 9, 5.5, 4.5 ],
			"to": [ 10, 6, 5 ],
			"faces": {
				"up": { "uv": [ 4.96, 0.96, 7.04, 3.04 ], "texture": "#main" },
				"north": { "uv": [ 4.96, 0.96, 7.04, 3.04 ], "texture": "#main" },
				"west": { "uv": [ 4.96, 0.96, 7.04, 3.04 ], "texture": "#main" },
				"east": { "uv": [ 4.96, 0.96, 7.04, 3.04 ], "texture": "#main" }
			}
		},
		{
			"__comment": "Voxels-B70000",
			"from": [ 9, 5.5, 11 ],
			"to": [ 10, 6, 11.5 ],
			"faces": {
				"up": { "uv": [ 4.96, 0.96, 7.04, 3.04 ], "texture": "#main" },
				"south": { "uv": [ 4.96, 0.96, 7.04, 3.04 ], "texture": "#main" },
				"west": { "uv": [ 4.96, 0.96, 7.04, 3.04 ], "texture": "#main" },
				"east": { "uv": [ 4.96, 0.96, 7.04, 3.04 ], "texture": "#main" }
			}
		},
		{
			"__comment": "Voxels-B70000",
			"from": [ 9, 8, 4.5 ],
			"to": [ 10, 8.5, 5 ],
			"faces": {
				"down": { "uv": [ 4.96, 0.96, 7.04, 3.04 ], "texture": "#main" },
				"north": { "uv": [ 4.96, 0.96, 7.04, 3.04 ], "texture": "#main" },
				"west": { "uv": [ 4.96, 0.96, 7.04, 3.04 ], "texture": "#main" },
				"east": { "uv": [ 4.96, 0.96, 7.04, 3.04 ], "texture": "#main" }
			}
		},
		{
			"__comment": "Voxels-B70000",
			"from": [ 9, 8, 11 ],
			"to": [ 10, 8.5, 11.5 ],
			"faces": {
				"down": { "uv": [ 4.96, 0.96, 7.04, 3.04 ], "texture": "#main" },
				"south": { "uv": [ 4.96, 0.96, 7.04, 3.04 ], "texture": "#main" },
				"west": { "uv": [ 4.96, 0.96, 7.04, 3.04 ], "texture": "#main" },
				"east": { "uv": [ 4.96, 0.96, 7.04, 3.04 ], "texture": "#main" }
			}
		},
		{
			"__comment": "Voxels-9B0000",
			"from": [ 9, 16, 7 ],
			"to": [ 9.5, 17.5, 7.5 ],
			"faces": {
				"down": { "uv": [ 8.96, 0.96, 11.04, 3.04 ], "texture": "#main", "cullface": "up" },
				"up": { "uv": [ 8.96, 0.96, 11.04, 3.04 ], "texture": "#main", "cullface": "up" },
				"north": { "uv": [ 8.96, 0.96, 11.04, 3.04 ], "texture": "#main", "cullface": "up" },
				"east": { "uv": [ 8.96, 0.96, 11.04, 3.04 ], "texture": "#main", "cullface": "up" }
			}
		},
		{
			"__comment": "Voxels-9B0000",
			"from": [ 9, 16, 8.5 ],
			"to": [ 9.5, 17.5, 9 ],
			"faces": {
				"down": { "uv": [ 8.96, 0.96, 11.04, 3.04 ], "texture": "#main", "cullface": "up" },
				"up": { "uv": [ 8.96, 0.96, 11.04, 3.04 ], "texture": "#main", "cullface": "up" },
				"south": { "uv": [ 8.96, 0.96, 11.04, 3.04 ], "texture": "#main", "cullface": "up" },
				"east": { "uv": [ 8.96, 0.96, 11.04, 3.04 ], "texture": "#main", "cullface": "up" }
			}
		},
		{
			"__comment": "Voxels-9B0000",
			"from": [ 9.5, 16, 7.5 ],
			"to": [ 14.5, 17.5, 8.5 ],
			"faces": {
				"down": { "uv": [ 8.96, 0.96, 11.04, 3.04 ], "texture": "#main", "cullface": "up" },
				"up": { "uv": [ 8.96, 0.96, 11.04, 3.04 ], "texture": "#main", "cullface": "up" },
				"north": { "uv": [ 8.96, 0.96, 11.04, 3.04 ], "texture": "#main", "cullface": "up" },
				"south": { "uv": [ 8.96, 0.96, 11.04, 3.04 ], "texture": "#main", "cullface": "up" },
				"east": { "uv": [ 8.96, 0.96, 11.04, 3.04 ], "texture": "#main", "cullface": "up" }
			}
		},
		{
			"__comment": "Voxels-9B0000",
			"from": [ 9.5, 16.5, 7 ],
			"to": [ 14, 17.5, 7.5 ],
			"faces": {
				"down": { "uv": [ 8.96, 0.96, 11.04, 3.04 ], "texture": "#main", "cullface": "up" },
				"up": { "uv": [ 8.96, 0.96, 11.04, 3.04 ], "texture": "#main", "cullface": "up" },
				"north": { "uv": [ 8.96, 0.96, 11.04, 3.04 ], "texture": "#main", "cullface": "up" },
				"east": { "uv": [ 8.96, 0.96, 11.04, 3.04 ], "texture": "#main", "cullface": "up" }
			}
		},
		{
			"__comment": "Voxels-9B0000",
			"from": [ 9.5, 16.5, 8.5 ],
			"to": [ 14, 17.5, 9 ],
			"faces": {
				"down": { "uv": [ 8.96, 0.96, 11.04, 3.04 ], "texture": "#main", "cullface": "up" },
				"up": { "uv": [ 8.96, 0.96, 11.04, 3.04 ], "texture": "#main", "cullface": "up" },
				"south": { "uv": [ 8.96, 0.96, 11.04, 3.04 ], "texture": "#main", "cullface": "up" },
				"east": { "uv": [ 8.96, 0.96, 11.04, 3.04 ], "texture": "#main", "cullface": "up" }
			}
		},
		{
			"__comment": "Voxels-B70000",
			"from": [ 10.5, 6.5, 4.5 ],
			"to": [ 15, 7.5, 5 ],
			"faces": {
				"down": { "uv": [ 4.96, 0.96, 7.04, 3.04 ], "texture": "#main" },
				"up": { "uv": [ 4.96, 0.96, 7.04, 3.04 ], "texture": "#main" },
				"north": { "uv": [ 4.96, 0.96, 7.04, 3.04 ], "texture": "#main" },
				"south": { "uv": [ 4.96, 0.96, 7.04, 3.04 ], "texture": "#main" },
				"west": { "uv": [ 4.96, 0.96, 7.04, 3.04 ], "texture": "#main" },
				"east": { "uv": [ 4.96, 0.96, 7.04, 3.04 ], "texture": "#main" }
			}
		},
		{
			"__comment": "Voxels-B70000",
			"from": [ 10.5, 6.5, 11 ],
			"to": [ 15, 7.5, 11.5 ],
			"faces": {
				"down": { "uv": [ 4.96, 0.96, 7.04, 3.04 ], "texture": "#main" },
				"up": { "uv": [ 4.96, 0.96, 7.04, 3.04 ], "texture": "#main" },
				"north": { "uv": [ 4.96, 0.96, 7.04, 3.04 ], "texture": "#main" },
				"south": { "uv": [ 4.96, 0.96, 7.04, 3.04 ], "texture": "#main" },
				"west": { "uv": [ 4.96, 0.96, 7.04, 3.04 ], "texture": "#main" },
				"east": { "uv": [ 4.96, 0.96, 7.04, 3.04 ], "texture": "#main" }
			}
		},
		{
			"__comment": "Voxels-B70000",
			"from": [ 11, 6, 4.5 ],
			"to": [ 15, 6.5, 5 ],
			"faces": {
				"down": { "uv": [ 4.96, 0.96, 7.04, 3.04 ], "texture": "#main" },
				"north": { "uv": [ 4.96, 0.96, 7.04, 3.04 ], "texture": "#main" },
				"south": { "uv": [ 4.96, 0.96, 7.04, 3.04 ], "texture": "#main" },
				"west": { "uv": [ 4.96, 0.96, 7.04, 3.04 ], "texture": "#main" },
				"east": { "uv": [ 4.96, 0.96, 7.04, 3.04 ], "texture": "#main" }
			}
		},
		{
			"__comment": "Voxels-B70000",
			"from": [ 11, 6, 11 ],
			"to": [ 15, 6.5, 11.5 ],
			"faces": {
				"down": { "uv": [ 4.96, 0.96, 7.04, 3.04 ], "texture": "#main" },
				"north": { "uv": [ 4.96, 0.96, 7.04, 3.04 ], "texture": "#main" },
				"south": { "uv": [ 4.96, 0.96, 7.04, 3.04 ], "texture": "#main" },
				"west": { "uv": [ 4.96, 0.96, 7.04, 3.04 ], "texture": "#main" },
				"east": { "uv": [ 4.96, 0.96, 7.04, 3.04 ], "texture": "#main" }
			}
		},
		{
			"__comment": "Voxels-B70000",
			"from": [ 11, 7.5, 4.5 ],
			"to": [ 15, 8, 5 ],
			"faces": {
				"up": { "uv": [ 4.96, 0.96, 7.04, 3.04 ], "texture": "#main" },
				"north": { "uv": [ 4.96, 0.96, 7.04, 3.04 ], "texture": "#main" },
				"south": { "uv": [ 4.96, 0.96, 7.04, 3.04 ], "texture": "#main" },
				"west": { "uv": [ 4.96, 0.96, 7.04, 3.04 ], "texture": "#main" },
				"east": { "uv": [ 4.96, 0.96, 7.04, 3.04 ], "texture": "#main" }
			}
		},
		{
			"__comment": "Voxels-B70000",
			"from": [ 11, 7.5, 11 ],
			"to": [ 15, 8, 11.5 ],
			"faces": {
				"up": { "uv": [ 4.96, 0.96, 7.04, 3.04 ], "texture": "#main" },
				"north": { "uv": [ 4.96, 0.96, 7.04, 3.04 ], "texture": "#main" },
				"south": { "uv": [ 4.96, 0.96, 7.04, 3.04 ], "texture": "#main" },
				"west": { "uv": [ 4.96, 0.96, 7.04, 3.04 ], "texture": "#main" },
				"east": { "uv": [ 4.96, 0.96, 7.04, 3.04 ], "texture": "#main" }
			}
		},
		{
			"__comment": "Voxels-B70000",
			"from": [ 11.5, 5.5, 4.5 ],
			"to": [ 15, 6, 5 ],
			"faces": {
				"down": { "uv": [ 4.96, 0.96, 7.04, 3.04 ], "texture": "#main" },
				"north": { "uv": [ 4.96, 0.96, 7.04, 3.04 ], "texture": "#main" },
				"south": { "uv": [ 4.96, 0.96, 7.04, 3.04 ], "texture": "#main" },
				"west": { "uv": [ 4.96, 0.96, 7.04, 3.04 ], "texture": "#main" },
				"east": { "uv": [ 4.96, 0.96, 7.04, 3.04 ], "texture": "#main" }
			}
		},
		{
			"__comment": "Voxels-B70000",
			"from": [ 11.5, 5.5, 11 ],
			"to": [ 15, 6, 11.5 ],
			"faces": {
				"down": { "uv": [ 4.96, 0.96, 7.04, 3.04 ], "texture": "#main" },
				"north": { "uv": [ 4.96, 0.96, 7.04, 3.04 ], "texture": "#main" },
				"south": { "uv": [ 4.96, 0.96, 7.04, 3.04 ], "texture": "#main" },
				"west": { "uv": [ 4.96, 0.96, 7.04, 3.04 ], "texture": "#main" },
				"east": { "uv": [ 4.96, 0.96, 7.04, 3.04 ], "texture": "#main" }
			}
		},
		{
			"__comment": "Voxels-B70000",
			"from": [ 11.5, 8, 4.5 ],
			"to": [ 15, 8.5, 5 ],
			"faces": {
				"up": { "uv": [ 4.96, 0.96, 7.04, 3.04 ], "texture": "#main" },
				"north": { "uv": [ 4.96, 0.96, 7.04, 3.04 ], "texture": "#main" },
				"south": { "uv": [ 4.96, 0.96, 7.04, 3.04 ], "texture": "#main" },
				"west": { "uv": [ 4.96, 0.96, 7.04, 3.04 ], "texture": "#main" },
				"east": { "uv": [ 4.96, 0.96, 7.04, 3.04 ], "texture": "#main" }
			}
		},
		{
			"__comment": "Voxels-B70000",
			"from": [ 11.5, 8, 11 ],
			"to": [ 15, 8.5, 11.5 ],
			"faces": {
				"up": { "uv": [ 4.96, 0.96, 7.04, 3.04 ], "texture": "#main" },
				"north": { "uv": [ 4.96, 0.96, 7.04, 3.04 ], "texture": "#main" },
				"south": { "uv": [ 4.96, 0.96, 7.04, 3.04 ], "texture": "#main" },
				"west": { "uv": [ 4.96, 0.96, 7.04, 3.04 ], "texture": "#main" },
				"east": { "uv": [ 4.96, 0.96, 7.04, 3.04 ], "texture": "#main" }
			}
		},
		{
			"__comment": "Voxels-B70000",
			"from": [ 12, 5, 4.5 ],
			"to": [ 15, 5.5, 5 ],
			"faces": {
				"down": { "uv": [ 4.96, 0.96, 7.04, 3.04 ], "texture": "#main" },
				"north": { "uv": [ 4.96, 0.96, 7.04, 3.04 ], "texture": "#main" },
				"south": { "uv": [ 4.96, 0.96, 7.04, 3.04 ], "texture": "#main" },
				"west": { "uv": [ 4.96, 0.96, 7.04, 3.04 ], "texture": "#main" },
				"east": { "uv": [ 4.96, 0.96, 7.04, 3.04 ], "texture": "#main" }
			}
		},
		{
			"__comment": "Voxels-B70000",
			"from": [ 12, 5, 11 ],
			"to": [ 15, 5.5, 11.5 ],
			"faces": {
				"down": { "uv": [ 4.96, 0.96, 7.04, 3.04 ], "texture": "#main" },
				"north": { "uv": [ 4.96, 0.96, 7.04, 3.04 ], "texture": "#main" },
				"south": { "uv": [ 4.96, 0.96, 7.04, 3.04 ], "texture": "#main" },
				"west": { "uv": [ 4.96, 0.96, 7.04, 3.04 ], "texture": "#main" },
				"east": { "uv": [ 4.96, 0.96, 7.04, 3.04 ], "texture": "#main" }
			}
		},
		{
			"__comment": "Voxels-B70000",
			"from": [ 12, 8.5, 4.5 ],
			"to": [ 15, 9, 5 ],
			"faces": {
				"up": { "uv": [ 4.96, 0.96, 7.04, 3.04 ], "texture": "#main" },
				"north": { "uv": [ 4.96, 0.96, 7.04, 3.04 ], "texture": "#main" },
				"south": { "uv": [ 4.96, 0.96, 7.04, 3.04 ], "texture": "#main" },
				"west": { "uv": [ 4.96, 0.96, 7.04, 3.04 ], "texture": "#main" },
				"east": { "uv": [ 4.96, 0.96, 7.04, 3.04 ], "texture": "#main" }
			}
		},
		{
			"__comment": "Voxels-B70000",
			"from": [ 12, 8.5, 11 ],
			"to": [ 15, 9, 11.5 ],
			"faces": {
				"up": { "uv": [ 4.96, 0.96, 7.04, 3.04 ], "texture": "#main" },
				"north": { "uv": [ 4.96, 0.96, 7.04, 3.04 ], "texture": "#main" },
				"south": { "uv": [ 4.96, 0.96, 7.04, 3.04 ], "texture": "#main" },
				"west": { "uv": [ 4.96, 0.96, 7.04, 3.04 ], "texture": "#main" },
				"east": { "uv": [ 4.96, 0.96, 7.04, 3.04 ], "texture": "#main" }
			}
		},
		{
			"__comment": "Voxels-B70000",
			"from": [ 12.5, 4.5, 4.5 ],
			"to": [ 15, 5, 5 ],
			"faces": {
				"down": { "uv": [ 4.96, 0.96, 7.04, 3.04 ], "texture": "#main" },
				"north": { "uv": [ 4.96, 0.96, 7.04, 3.04 ], "texture": "#main" },
				"south": { "uv": [ 4.96, 0.96, 7.04, 3.04 ], "texture": "#main" },
				"west": { "uv": [ 4.96, 0.96, 7.04, 3.04 ], "texture": "#main" },
				"east": { "uv": [ 4.96, 0.96, 7.04, 3.04 ], "texture": "#main" }
			}
		},
		{
			"__comment": "Voxels-B70000",
			"from": [ 12.5, 4.5, 11 ],
			"to": [ 15, 5, 11.5 ],
			"faces": {
				"down": { "uv": [ 4.96, 0.96, 7.04, 3.04 ], "texture": "#main" },
				"north": { "uv": [ 4.96, 0.96, 7.04, 3.04 ], "texture": "#main" },
				"south": { "uv": [ 4.96, 0.96, 7.04, 3.04 ], "texture": "#main" },
				"west": { "uv": [ 4.96, 0.96, 7.04, 3.04 ], "texture": "#main" },
				"east": { "uv": [ 4.96, 0.96, 7.04, 3.04 ], "texture": "#main" }
			}
		},
		{
			"__comment": "Voxels-B70000",
			"from": [ 12.5, 9, 4.5 ],
			"to": [ 15, 9.5, 5 ],
			"faces": {
				"up": { "uv": [ 4.96, 0.96, 7.04, 3.04 ], "texture": "#main" },
				"north": { "uv": [ 4.96, 0.96, 7.04, 3.04 ], "texture": "#main" },
				"south": { "uv": [ 4.96, 0.96, 7.04, 3.04 ], "texture": "#main" },
				"west": { "uv": [ 4.96, 0.96, 7.04, 3.04 ], "texture": "#main" },
				"east": { "uv": [ 4.96, 0.96, 7.04, 3.04 ], "texture": "#main" }
			}
		},
		{
			"__comment": "Voxels-B70000",
			"from": [ 12.5, 9, 11 ],
			"to": [ 15, 9.5, 11.5 ],
			"faces": {
				"up": { "uv": [ 4.96, 0.96, 7.04, 3.04 ], "texture": "#main" },
				"north": { "uv": [ 4.96, 0.96, 7.04, 3.04 ], "texture": "#main" },
				"south": { "uv": [ 4.96, 0.96, 7.04, 3.04 ], "texture": "#main" },
				"west": { "uv": [ 4.96, 0.96, 7.04, 3.04 ], "texture": "#main" },
				"east": { "uv": [ 4.96, 0.96, 7.04, 3.04 ], "texture": "#main" }
			}
		},
		{
			"__comment": "Voxels-B70000",
			"from": [ 13, 3.5, 4.5 ],
			"to": [ 15, 4.5, 5.5 ],
			"faces": {
				"down": { "uv": [ 4.96, 0.96, 7.04, 3.04 ], "texture": "#main" },
				"up": { "uv": [ 4.96, 0.96, 7.04, 3.04 ], "texture": "#main" },
				"north": { "uv": [ 4.96, 0.96, 7.04, 3.04 ], "texture": "#main" },
				"west": { "uv": [ 4.96, 0.96, 7.04, 3.04 ], "texture": "#main" },
				"east": { "uv": [ 4.96, 0.96, 7.04, 3.04 ], "texture": "#main" }
			}
		},
		{
			"__comment": "Voxels-B70000",
			"from": [ 13, 3.5, 10.5 ],
			"to": [ 15.5, 10.5, 11 ],
			"faces": {
				"south": { "uv": [ 4.96, 0.96, 7.04, 3.04 ], "texture": "#main" },
				"east": { "uv": [ 4.96, 0.96, 7.04, 3.04 ], "texture": "#main" }
			}
		},
		{
			"__comment": "Voxels-B70000",
			"from": [ 13, 3.5, 11 ],
			"to": [ 15, 4.5, 11.5 ],
			"faces": {
				"south": { "uv": [ 4.96, 0.96, 7.04, 3.04 ], "texture": "#main" },
				"west": { "uv": [ 4.96, 0.96, 7.04, 3.04 ], "texture": "#main" },
				"east": { "uv": [ 4.96, 0.96, 7.04, 3.04 ], "texture": "#main" }
			}
		},
		{
			"__comment": "Voxels-B70000",
			"from": [ 13, 4.5, 5 ],
			"to": [ 15.5, 10.5, 5.5 ],
			"faces": {
				"down": { "uv": [ 4.96, 0.96, 7.04, 3.04 ], "texture": "#main" },
				"up": { "uv": [ 4.96, 0.96, 7.04, 3.04 ], "texture": "#main" },
				"north": { "uv": [ 4.96, 0.96, 7.04, 3.04 ], "texture": "#main" },
				"east": { "uv": [ 4.96, 0.96, 7.04, 3.04 ], "texture": "#main" }
			}
		},
		{
			"__comment": "Voxels-B70000",
			"from": [ 13, 9.5, 4.5 ],
			"to": [ 15, 10.5, 5 ],
			"faces": {
				"north": { "uv": [ 4.96, 0.96, 7.04, 3.04 ], "texture": "#main" },
				"west": { "uv": [ 4.96, 0.96, 7.04, 3.04 ], "texture": "#main" },
				"east": { "uv": [ 4.96, 0.96, 7.04, 3.04 ], "texture": "#main" }
			}
		},
		{
			"__comment": "Voxels-B70000",
			"from": [ 13, 9.5, 11 ],
			"to": [ 15, 10.5, 11.5 ],
			"faces": {
				"south": { "uv": [ 4.96, 0.96, 7.04, 3.04 ], "texture": "#main" },
				"west": { "uv": [ 4.96, 0.96, 7.04, 3.04 ], "texture": "#main" },
				"east": { "uv": [ 4.96, 0.96, 7.04, 3.04 ], "texture": "#main" }
			}
		},
		{
			"__comment": "Voxels-9B0000",
			"from": [ 13, 14.5, 7.5 ],
			"to": [ 14.5, 16, 8.5 ],
			"faces": {
				"north": { "uv": [ 8.96, 0.96, 11.04, 3.04 ], "texture": "#main" },
				"south": { "uv": [ 8.96, 0.96, 11.04, 3.04 ], "texture": "#main" },
				"west": { "uv": [ 8.96, 0.96, 11.04, 3.04 ], "texture": "#main" },
				"east": { "uv": [ 8.96, 0.96, 11.04, 3.04 ], "texture": "#main" }
			}
		},
		{
			"__comment": "Voxels-9B0000",
			"from": [ 13, 16, 7 ],
			"to": [ 14, 16.5, 7.5 ],
			"faces": {
				"down": { "uv": [ 8.96, 0.96, 11.04, 3.04 ], "texture": "#main", "cullface": "up" },
				"north": { "uv": [ 8.96, 0.96, 11.04, 3.04 ], "texture": "#main", "cullface": "up" },
				"west": { "uv": [ 8.96, 0.96, 11.04, 3.04 ], "texture": "#main", "cullface": "up" },
				"east": { "uv": [ 8.96, 0.96, 11.04, 3.04 ], "texture": "#main", "cullface": "up" }
			}
		},
		{
			"__comment": "Voxels-9B0000",
			"from": [ 13, 16, 8.5 ],
			"to": [ 14, 16.5, 9 ],
			"faces": {
				"down": { "uv": [ 8.96, 0.96, 11.04, 3.04 ], "texture": "#main", "cullface": "up" },
				"south": { "uv": [ 8.96, 0.96, 11.04, 3.04 ], "texture": "#main", "cullface": "up" },
				"west": { "uv": [ 8.96, 0.96, 11.04, 3.04 ], "texture": "#main", "cullface": "up" },
				"east": { "uv": [ 8.96, 0.96, 11.04, 3.04 ], "texture": "#main", "cullface": "up" }
			}
		},
		{
			"__comment": "Voxels-9B0000",
			"from": [ 13.5, 14.5, 7 ],
			"to": [ 14, 16, 7.5 ],
			"faces": {
				"north": { "uv": [ 8.96, 0.96, 11.04, 3.04 ], "texture": "#main" },
				"west": { "uv": [ 8.96, 0.96, 11.04, 3.04 ], "texture": "#main" },
				"east": { "uv": [ 8.96, 0.96, 11.04, 3.04 ], "texture": "#main" }
			}
		},
		{
			"__comment": "Voxels-9B0000",
			"from": [ 13.5, 14.5, 8.5 ],
			"to": [ 14, 16, 9 ],
			"faces": {
				"south": { "uv": [ 8.96, 0.96, 11.04, 3.04 ], "texture": "#main" },
				"west": { "uv": [ 8.96, 0.96, 11.04, 3.04 ], "texture": "#main" },
				"east": { "uv": [ 8.96, 0.96, 11.04, 3.04 ], "texture": "#main" }
			}
		},
		{
			"__comment": "Voxels-B70000",
			"from": [ 15, 3.5, 5 ],
			"to": [ 15.5, 4.5, 5.5 ],
			"faces": {
				"north": { "uv": [ 4.96, 0.96, 7.04, 3.04 ], "texture": "#main" },
				"east": { "uv": [ 4.96, 0.96, 7.04, 3.04 ], "texture": "#main" }
			}
		},
		{
			"__comment": "Voxels-B70000",
			"from": [ 15, 10.5, 5 ],
			"to": [ 15.5, 14, 5.5 ],
			"faces": {
				"up": { "uv": [ 4.96, 0.96, 7.04, 3.04 ], "texture": "#main" },
				"north": { "uv": [ 4.96, 0.96, 7.04, 3.04 ], "texture": "#main" },
				"east": { "uv": [ 4.96, 0.96, 7.04, 3.04 ], "texture": "#main" }
			}
		}
	],
	"display": {
		"thirdperson_righthand": {
			"rotation":  [ 80, -65, 0 ],
			"translation":  [ -2, 0, -5 ],
			"scale":  [ 0.6, 0.6, 0.6 ]
		},
		"thirdperson_lefthand": {
			"rotation":  [ 80, -65, 0 ],
			"translation":  [ -2, 0, -5 ],
			"scale":  [ -0.6, 0.6, 0.6 ]
		},
		"firstperson_righthand": {
			"rotation":  [ 55, -75, 0 ],
			"translation":  [ 0, 1.5, 0 ],
			"scale":  [ 0.35, 0.35, 0.35 ]
		},
		"firstperson_lefthand": {
			"rotation":  [ 55, -75, 0 ],
			"translation":  [ 0, 1.5, 0 ],
			"scale":  [ -0.35, 0.35, 0.35 ]
		},
		"gui": {
			"rotation":  [ 15, 165, 0 ],
			"translation":  [ 0.5, -1.5, 0 ],
			"scale":  [ 0.7, 0.7, 0.7 ]
		},
		"head": {
			"translation":  [ -1, 15.948, 0 ]
		},
		"ground": {
			"rotation":  [ 45, 0, 0 ],
			"translation":  [ 0, 12, 0 ],
			"scale":  [ 0.7, 0.7, 0.7 ]
		},
		"fixed": {
			"translation":  [ -1, -1, -3 ],
			"scale":  [ 0.7, 0.7, 0.7 ]
		}
	}
}