{
	"__comment": "Designed by NullBlox/ZachryWilsn - http://nullblox.net",
	"textures": {
		"main": "items/nubx/miscellaneous/lock_module"
	},
	"elements": [ 	 
		{
			"__comment": "Voxels-DEB800",
			"from": [ 1, 5.5, 6 ],
			"to": [ 2, 9, 6.5 ],
			"faces": {
				"down": { "uv": [ 8.96, 0.96, 11.04, 3.04 ], "texture": "#main" },
				"up": { "uv": [ 8.96, 0.96, 11.04, 3.04 ], "texture": "#main" },
				"north": { "uv": [ 8.96, 0.96, 11.04, 3.04 ], "texture": "#main" },
				"south": { "uv": [ 8.96, 0.96, 11.04, 3.04 ], "texture": "#main" },
				"west": { "uv": [ 8.96, 0.96, 11.04, 3.04 ], "texture": "#main" },
				"east": { "uv": [ 8.96, 0.96, 11.04, 3.04 ], "texture": "#main" }
			}
		},
		{
			"__comment": "Voxels-DEB800",
			"from": [ 1, 5.5, 6.5 ],
			"to": [ 1.5, 9, 10 ],
			"faces": {
				"down": { "uv": [ 8.96, 0.96, 11.04, 3.04 ], "texture": "#main" },
				"up": { "uv": [ 8.96, 0.96, 11.04, 3.04 ], "texture": "#main" },
				"south": { "uv": [ 8.96, 0.96, 11.04, 3.04 ], "texture": "#main" },
				"west": { "uv": [ 8.96, 0.96, 11.04, 3.04 ], "texture": "#main" },
				"east": { "uv": [ 8.96, 0.96, 11.04, 3.04 ], "texture": "#main" }
			}
		},
		{
			"__comment": "Voxels-DEB800",
			"from": [ 1, 14.5, 6 ],
			"to": [ 15, 17.5, 10 ],
			"faces": {
				"down": { "uv": [ 8.96, 0.96, 11.04, 3.04 ], "texture": "#main", "cullface": "up" },
				"up": { "uv": [ 8.96, 0.96, 11.04, 3.04 ], "texture": "#main", "cullface": "up" },
				"north": { "uv": [ 8.96, 0.96, 11.04, 3.04 ], "texture": "#main", "cullface": "up" },
				"south": { "uv": [ 8.96, 0.96, 11.04, 3.04 ], "texture": "#main", "cullface": "up" },
				"west": { "uv": [ 8.96, 0.96, 11.04, 3.04 ], "texture": "#main", "cullface": "up" },
				"east": { "uv": [ 8.96, 0.96, 11.04, 3.04 ], "texture": "#main", "cullface": "up" }
			}
		},
		{
			"__comment": "Voxels-DEB800",
			"from": [ 1.5, 5.5, 5.5 ],
			"to": [ 2.5, 9, 6 ],
			"faces": {
				"down": { "uv": [ 8.96, 0.96, 11.04, 3.04 ], "texture": "#main" },
				"up": { "uv": [ 8.96, 0.96, 11.04, 3.04 ], "texture": "#main" },
				"north": { "uv": [ 8.96, 0.96, 11.04, 3.04 ], "texture": "#main" },
				"south": { "uv": [ 8.96, 0.96, 11.04, 3.04 ], "texture": "#main" },
				"west": { "uv": [ 8.96, 0.96, 11.04, 3.04 ], "texture": "#main" },
				"east": { "uv": [ 8.96, 0.96, 11.04, 3.04 ], "texture": "#main" }
			}
		},
		{
			"__comment": "Voxels-DEB800",
			"from": [ 1.5, 5.5, 9.5 ],
			"to": [ 2, 9, 10.5 ],
			"faces": {
				"down": { "uv": [ 8.96, 0.96, 11.04, 3.04 ], "texture": "#main" },
				"up": { "uv": [ 8.96, 0.96, 11.04, 3.04 ], "texture": "#main" },
				"north": { "uv": [ 8.96, 0.96, 11.04, 3.04 ], "texture": "#main" },
				"south": { "uv": [ 8.96, 0.96, 11.04, 3.04 ], "texture": "#main" },
				"west": { "uv": [ 8.96, 0.96, 11.04, 3.04 ], "texture": "#main" },
				"east": { "uv": [ 8.96, 0.96, 11.04, 3.04 ], "texture": "#main" }
			}
		},
		{
			"__comment": "Voxels-939393",
			"from": [ 1.5, 6, 6.5 ],
			"to": [ 7, 6.5, 9.5 ],
			"faces": {
				"down": { "uv": [ 12.96, 0.96, 15.04, 3.04 ], "texture": "#main" },
				"north": { "uv": [ 12.96, 0.96, 15.04, 3.04 ], "texture": "#main" },
				"south": { "uv": [ 12.96, 0.96, 15.04, 3.04 ], "texture": "#main" }
			}
		},
		{
			"__comment": "Voxels-DEB800",
			"from": [ 1.5, 6.5, 6.5 ],
			"to": [ 7.5, 9, 9.5 ],
			"faces": {
				"down": { "uv": [ 8.96, 0.96, 11.04, 3.04 ], "texture": "#main" },
				"north": { "uv": [ 8.96, 0.96, 11.04, 3.04 ], "texture": "#main" },
				"south": { "uv": [ 8.96, 0.96, 11.04, 3.04 ], "texture": "#main" },
				"east": { "uv": [ 8.96, 0.96, 11.04, 3.04 ], "texture": "#main" }
			}
		},
		{
			"__comment": "Voxels-CFAC00",
			"from": [ 1.5, 9, 6.5 ],
			"to": [ 14.5, 14.5, 9.5 ],
			"faces": {
				"down": { "uv": [ 8.96, 8.96, 11.04, 11.04 ], "texture": "#main" },
				"north": { "uv": [ 8.96, 8.96, 11.04, 11.04 ], "texture": "#main" },
				"south": { "uv": [ 8.96, 8.96, 11.04, 11.04 ], "texture": "#main" },
				"west": { "uv": [ 8.96, 8.96, 11.04, 11.04 ], "texture": "#main" },
				"east": { "uv": [ 8.96, 8.96, 11.04, 11.04 ], "texture": "#main" }
			}
		},
		{
			"__comment": "Voxels-DEB800",
			"from": [ 1.5, 14.5, 5.5 ],
			"to": [ 14.5, 17.5, 6 ],
			"faces": {
				"down": { "uv": [ 8.96, 0.96, 11.04, 3.04 ], "texture": "#main", "cullface": "up" },
				"up": { "uv": [ 8.96, 0.96, 11.04, 3.04 ], "texture": "#main", "cullface": "up" },
				"north": { "uv": [ 8.96, 0.96, 11.04, 3.04 ], "texture": "#main", "cullface": "up" },
				"west": { "uv": [ 8.96, 0.96, 11.04, 3.04 ], "texture": "#main", "cullface": "up" },
				"east": { "uv": [ 8.96, 0.96, 11.04, 3.04 ], "texture": "#main", "cullface": "up" }
			}
		},
		{
			"__comment": "Voxels-DEB800",
			"from": [ 1.5, 14.5, 10 ],
			"to": [ 14.5, 17.5, 10.5 ],
			"faces": {
				"down": { "uv": [ 8.96, 0.96, 11.04, 3.04 ], "texture": "#main", "cullface": "up" },
				"up": { "uv": [ 8.96, 0.96, 11.04, 3.04 ], "texture": "#main", "cullface": "up" },
				"south": { "uv": [ 8.96, 0.96, 11.04, 3.04 ], "texture": "#main", "cullface": "up" },
				"west": { "uv": [ 8.96, 0.96, 11.04, 3.04 ], "texture": "#main", "cullface": "up" },
				"east": { "uv": [ 8.96, 0.96, 11.04, 3.04 ], "texture": "#main", "cullface": "up" }
			}
		},
		{
			"__comment": "Voxels-DEB800",
			"from": [ 1.5, 17.5, 6 ],
			"to": [ 14.5, 18, 10 ],
			"faces": {
				"up": { "uv": [ 8.96, 0.96, 11.04, 3.04 ], "texture": "#main", "cullface": "up" },
				"north": { "uv": [ 8.96, 0.96, 11.04, 3.04 ], "texture": "#main", "cullface": "up" },
				"south": { "uv": [ 8.96, 0.96, 11.04, 3.04 ], "texture": "#main", "cullface": "up" },
				"west": { "uv": [ 8.96, 0.96, 11.04, 3.04 ], "texture": "#main", "cullface": "up" },
				"east": { "uv": [ 8.96, 0.96, 11.04, 3.04 ], "texture": "#main", "cullface": "up" }
			}
		},
		{
			"__comment": "Voxels-AAAAAA",
			"from": [ 2, 0, 7.5 ],
			"to": [ 9.5, 0.5, 9 ],
			"faces": {
				"down": { "uv": [ 4.96, 0.96, 7.04, 3.04 ], "texture": "#main", "cullface": "down" },
				"up": { "uv": [ 4.96, 0.96, 7.04, 3.04 ], "texture": "#main" },
				"north": { "uv": [ 4.96, 0.96, 7.04, 3.04 ], "texture": "#main" },
				"south": { "uv": [ 4.96, 0.96, 7.04, 3.04 ], "texture": "#main" },
				"west": { "uv": [ 4.96, 0.96, 7.04, 3.04 ], "texture": "#main" }
			}
		},
		{
			"__comment": "Voxels-DEB800",
			"from": [ 2, 5.5, 5 ],
			"to": [ 14, 9, 5.5 ],
			"faces": {
				"down": { "uv": [ 8.96, 0.96, 11.04, 3.04 ], "texture": "#main" },
				"up": { "uv": [ 8.96, 0.96, 11.04, 3.04 ], "texture": "#main" },
				"north": { "uv": [ 8.96, 0.96, 11.04, 3.04 ], "texture": "#main" },
				"south": { "uv": [ 8.96, 0.96, 11.04, 3.04 ], "texture": "#main" },
				"west": { "uv": [ 8.96, 0.96, 11.04, 3.04 ], "texture": "#main" },
				"east": { "uv": [ 8.96, 0.96, 11.04, 3.04 ], "texture": "#main" }
			}
		},
		{
			"__comment": "Voxels-DEB800",
			"from": [ 2, 5.5, 10 ],
			"to": [ 2.5, 9, 11 ],
			"faces": {
				"down": { "uv": [ 8.96, 0.96, 11.04, 3.04 ], "texture": "#main" },
				"up": { "uv": [ 8.96, 0.96, 11.04, 3.04 ], "texture": "#main" },
				"north": { "uv": [ 8.96, 0.96, 11.04, 3.04 ], "texture": "#main" },
				"south": { "uv": [ 8.96, 0.96, 11.04, 3.04 ], "texture": "#main" },
				"west": { "uv": [ 8.96, 0.96, 11.04, 3.04 ], "texture": "#main" },
				"east": { "uv": [ 8.96, 0.96, 11.04, 3.04 ], "texture": "#main" }
			}
		},
		{
			"__comment": "Voxels-939393",
			"from": [ 2, 6, 6 ],
			"to": [ 7.5, 6.5, 6.5 ],
			"faces": {
				"down": { "uv": [ 12.96, 0.96, 15.04, 3.04 ], "texture": "#main" },
				"north": { "uv": [ 12.96, 0.96, 15.04, 3.04 ], "texture": "#main" },
				"south": { "uv": [ 12.96, 0.96, 15.04, 3.04 ], "texture": "#main" }
			}
		},
		{
			"__comment": "Voxels-939393",
			"from": [ 2, 6, 9.5 ],
			"to": [ 7.5, 6.5, 10 ],
			"faces": {
				"down": { "uv": [ 12.96, 0.96, 15.04, 3.04 ], "texture": "#main" },
				"north": { "uv": [ 12.96, 0.96, 15.04, 3.04 ], "texture": "#main" },
				"south": { "uv": [ 12.96, 0.96, 15.04, 3.04 ], "texture": "#main" }
			}
		},
		{
			"__comment": "Voxels-DEB800",
			"from": [ 2, 6.5, 6 ],
			"to": [ 15, 9, 6.5 ],
			"faces": {
				"down": { "uv": [ 8.96, 0.96, 11.04, 3.04 ], "texture": "#main" },
				"up": { "uv": [ 8.96, 0.96, 11.04, 3.04 ], "texture": "#main" },
				"north": { "uv": [ 8.96, 0.96, 11.04, 3.04 ], "texture": "#main" },
				"south": { "uv": [ 8.96, 0.96, 11.04, 3.04 ], "texture": "#main" },
				"east": { "uv": [ 8.96, 0.96, 11.04, 3.04 ], "texture": "#main" }
			}
		},
		{
			"__comment": "Voxels-DEB800",
			"from": [ 2, 6.5, 9.5 ],
			"to": [ 15, 9, 10 ],
			"faces": {
				"down": { "uv": [ 8.96, 0.96, 11.04, 3.04 ], "texture": "#main" },
				"up": { "uv": [ 8.96, 0.96, 11.04, 3.04 ], "texture": "#main" },
				"north": { "uv": [ 8.96, 0.96, 11.04, 3.04 ], "texture": "#main" },
				"south": { "uv": [ 8.96, 0.96, 11.04, 3.04 ], "texture": "#main" },
				"east": { "uv": [ 8.96, 0.96, 11.04, 3.04 ], "texture": "#main" }
			}
		},
		{
			"__comment": "Voxels-CFAC00",
			"from": [ 2, 9, 6 ],
			"to": [ 14, 14.5, 6.5 ],
			"faces": {
				"north": { "uv": [ 8.96, 8.96, 11.04, 11.04 ], "texture": "#main" },
				"west": { "uv": [ 8.96, 8.96, 11.04, 11.04 ], "texture": "#main" },
				"east": { "uv": [ 8.96, 8.96, 11.04, 11.04 ], "texture": "#main" }
			}
		},
		{
			"__comment": "Voxels-CFAC00",
			"from": [ 2, 9, 9.5 ],
			"to": [ 14, 14.5, 10 ],
			"faces": {
				"south": { "uv": [ 8.96, 8.96, 11.04, 11.04 ], "texture": "#main" },
				"west": { "uv": [ 8.96, 8.96, 11.04, 11.04 ], "texture": "#main" },
				"east": { "uv": [ 8.96, 8.96, 11.04, 11.04 ], "texture": "#main" }
			}
		},
		{
			"__comment": "Voxels-DEB800",
			"from": [ 2, 14.5, 5 ],
			"to": [ 14, 17.5, 5.5 ],
			"faces": {
				"down": { "uv": [ 8.96, 0.96, 11.04, 3.04 ], "texture": "#main", "cullface": "up" },
				"up": { "uv": [ 8.96, 0.96, 11.04, 3.04 ], "texture": "#main", "cullface": "up" },
				"north": { "uv": [ 8.96, 0.96, 11.04, 3.04 ], "texture": "#main", "cullface": "up" },
				"west": { "uv": [ 8.96, 0.96, 11.04, 3.04 ], "texture": "#main", "cullface": "up" },
				"east": { "uv": [ 8.96, 0.96, 11.04, 3.04 ], "texture": "#main", "cullface": "up" }
			}
		},
		{
			"__comment": "Voxels-DEB800",
			"from": [ 2, 14.5, 10.5 ],
			"to": [ 14, 17.5, 11 ],
			"faces": {
				"down": { "uv": [ 8.96, 0.96, 11.04, 3.04 ], "texture": "#main", "cullface": "up" },
				"up": { "uv": [ 8.96, 0.96, 11.04, 3.04 ], "texture": "#main", "cullface": "up" },
				"south": { "uv": [ 8.96, 0.96, 11.04, 3.04 ], "texture": "#main", "cullface": "up" },
				"west": { "uv": [ 8.96, 0.96, 11.04, 3.04 ], "texture": "#main", "cullface": "up" },
				"east": { "uv": [ 8.96, 0.96, 11.04, 3.04 ], "texture": "#main", "cullface": "up" }
			}
		},
		{
			"__comment": "Voxels-DEB800",
			"from": [ 2, 17.5, 5.5 ],
			"to": [ 14, 18, 6 ],
			"faces": {
				"up": { "uv": [ 8.96, 0.96, 11.04, 3.04 ], "texture": "#main", "cullface": "up" },
				"north": { "uv": [ 8.96, 0.96, 11.04, 3.04 ], "texture": "#main", "cullface": "up" },
				"west": { "uv": [ 8.96, 0.96, 11.04, 3.04 ], "texture": "#main", "cullface": "up" },
				"east": { "uv": [ 8.96, 0.96, 11.04, 3.04 ], "texture": "#main", "cullface": "up" }
			}
		},
		{
			"__comment": "Voxels-DEB800",
			"from": [ 2, 17.5, 10 ],
			"to": [ 14, 18, 10.5 ],
			"faces": {
				"up": { "uv": [ 8.96, 0.96, 11.04, 3.04 ], "texture": "#main", "cullface": "up" },
				"south": { "uv": [ 8.96, 0.96, 11.04, 3.04 ], "texture": "#main", "cullface": "up" },
				"west": { "uv": [ 8.96, 0.96, 11.04, 3.04 ], "texture": "#main", "cullface": "up" },
				"east": { "uv": [ 8.96, 0.96, 11.04, 3.04 ], "texture": "#main", "cullface": "up" }
			}
		},
		{
			"__comment": "Voxels-AAAAAA",
			"from": [ 2.5, -0.5, 8 ],
			"to": [ 4, 0, 8.5 ],
			"faces": {
				"down": { "uv": [ 4.96, 0.96, 7.04, 3.04 ], "texture": "#main", "cullface": "down" },
				"north": { "uv": [ 4.96, 0.96, 7.04, 3.04 ], "texture": "#main", "cullface": "down" },
				"south": { "uv": [ 4.96, 0.96, 7.04, 3.04 ], "texture": "#main", "cullface": "down" },
				"west": { "uv": [ 4.96, 0.96, 7.04, 3.04 ], "texture": "#main", "cullface": "down" },
				"east": { "uv": [ 4.96, 0.96, 7.04, 3.04 ], "texture": "#main", "cullface": "down" }
			}
		},
		{
			"__comment": "Voxels-AAAAAA",
			"from": [ 2.5, 0.5, 7.5 ],
			"to": [ 9, 1, 9 ],
			"faces": {
				"up": { "uv": [ 4.96, 0.96, 7.04, 3.04 ], "texture": "#main" },
				"north": { "uv": [ 4.96, 0.96, 7.04, 3.04 ], "texture": "#main" },
				"south": { "uv": [ 4.96, 0.96, 7.04, 3.04 ], "texture": "#main" },
				"west": { "uv": [ 4.96, 0.96, 7.04, 3.04 ], "texture": "#main" }
			}
		},
		{
			"__comment": "Voxels-DEB800",
			"from": [ 2.5, 5.5, 10.5 ],
			"to": [ 14, 9, 11 ],
			"faces": {
				"down": { "uv": [ 8.96, 0.96, 11.04, 3.04 ], "texture": "#main" },
				"up": { "uv": [ 8.96, 0.96, 11.04, 3.04 ], "texture": "#main" },
				"north": { "uv": [ 8.96, 0.96, 11.04, 3.04 ], "texture": "#main" },
				"south": { "uv": [ 8.96, 0.96, 11.04, 3.04 ], "texture": "#main" },
				"east": { "uv": [ 8.96, 0.96, 11.04, 3.04 ], "texture": "#main" }
			}
		},
		{
			"__comment": "Voxels-939393",
			"from": [ 2.5, 6, 5.5 ],
			"to": [ 13.5, 6.5, 6 ],
			"faces": {
				"down": { "uv": [ 12.96, 0.96, 15.04, 3.04 ], "texture": "#main" },
				"south": { "uv": [ 12.96, 0.96, 15.04, 3.04 ], "texture": "#main" }
			}
		},
		{
			"__comment": "Voxels-939393",
			"from": [ 2.5, 6, 10 ],
			"to": [ 13.5, 6.5, 10.5 ],
			"faces": {
				"down": { "uv": [ 12.96, 0.96, 15.04, 3.04 ], "texture": "#main" },
				"north": { "uv": [ 12.96, 0.96, 15.04, 3.04 ], "texture": "#main" }
			}
		},
		{
			"__comment": "Voxels-DEB800",
			"from": [ 2.5, 6.5, 5.5 ],
			"to": [ 14.5, 9, 6 ],
			"faces": {
				"down": { "uv": [ 8.96, 0.96, 11.04, 3.04 ], "texture": "#main" },
				"up": { "uv": [ 8.96, 0.96, 11.04, 3.04 ], "texture": "#main" },
				"north": { "uv": [ 8.96, 0.96, 11.04, 3.04 ], "texture": "#main" },
				"east": { "uv": [ 8.96, 0.96, 11.04, 3.04 ], "texture": "#main" }
			}
		},
		{
			"__comment": "Voxels-DEB800",
			"from": [ 2.5, 6.5, 10 ],
			"to": [ 14.5, 9, 10.5 ],
			"faces": {
				"down": { "uv": [ 8.96, 0.96, 11.04, 3.04 ], "texture": "#main" },
				"up": { "uv": [ 8.96, 0.96, 11.04, 3.04 ], "texture": "#main" },
				"south": { "uv": [ 8.96, 0.96, 11.04, 3.04 ], "texture": "#main" },
				"east": { "uv": [ 8.96, 0.96, 11.04, 3.04 ], "texture": "#main" }
			}
		},
		{
			"__comment": "Voxels-CFAC00",
			"from": [ 2.5, 9, 5.5 ],
			"to": [ 13.5, 14.5, 6 ],
			"faces": {
				"north": { "uv": [ 8.96, 8.96, 11.04, 11.04 ], "texture": "#main" },
				"west": { "uv": [ 8.96, 8.96, 11.04, 11.04 ], "texture": "#main" },
				"east": { "uv": [ 8.96, 8.96, 11.04, 11.04 ], "texture": "#main" }
			}
		},
		{
			"__comment": "Voxels-CFAC00",
			"from": [ 2.5, 9, 10 ],
			"to": [ 13.5, 14.5, 10.5 ],
			"faces": {
				"south": { "uv": [ 8.96, 8.96, 11.04, 11.04 ], "texture": "#main" },
				"west": { "uv": [ 8.96, 8.96, 11.04, 11.04 ], "texture": "#main" },
				"east": { "uv": [ 8.96, 8.96, 11.04, 11.04 ], "texture": "#main" }
			}
		},
		{
			"__comment": "Voxels-BFBFBF",
			"from": [ 2.5, 18, 7.5 ],
			"to": [ 4.5, 22, 8.5 ],
			"faces": {
				"up": { "uv": [ 4.96, 4.96, 7.04, 7.04 ], "texture": "#main", "cullface": "up" },
				"north": { "uv": [ 4.96, 4.96, 7.04, 7.04 ], "texture": "#main", "cullface": "up" },
				"south": { "uv": [ 4.96, 4.96, 7.04, 7.04 ], "texture": "#main", "cullface": "up" },
				"west": { "uv": [ 4.96, 4.96, 7.04, 7.04 ], "texture": "#main", "cullface": "up" },
				"east": { "uv": [ 4.96, 4.96, 7.04, 7.04 ], "texture": "#main", "cullface": "up" }
			}
		},
		{
			"__comment": "Voxels-AAAAAA",
			"from": [ 3, -1, 7.5 ],
			"to": [ 4, -0.5, 9 ],
			"faces": {
				"down": { "uv": [ 4.96, 0.96, 7.04, 3.04 ], "texture": "#main", "cullface": "down" },
				"up": { "uv": [ 4.96, 0.96, 7.04, 3.04 ], "texture": "#main", "cullface": "down" },
				"north": { "uv": [ 4.96, 0.96, 7.04, 3.04 ], "texture": "#main", "cullface": "down" },
				"south": { "uv": [ 4.96, 0.96, 7.04, 3.04 ], "texture": "#main", "cullface": "down" },
				"west": { "uv": [ 4.96, 0.96, 7.04, 3.04 ], "texture": "#main", "cullface": "down" },
				"east": { "uv": [ 4.96, 0.96, 7.04, 3.04 ], "texture": "#main", "cullface": "down" }
			}
		},
		{
			"__comment": "Voxels-BFBFBF",
			"from": [ 3, 18, 7 ],
			"to": [ 4, 22, 7.5 ],
			"faces": {
				"up": { "uv": [ 4.96, 4.96, 7.04, 7.04 ], "texture": "#main", "cullface": "up" },
				"north": { "uv": [ 4.96, 4.96, 7.04, 7.04 ], "texture": "#main", "cullface": "up" },
				"west": { "uv": [ 4.96, 4.96, 7.04, 7.04 ], "texture": "#main", "cullface": "up" },
				"east": { "uv": [ 4.96, 4.96, 7.04, 7.04 ], "texture": "#main", "cullface": "up" }
			}
		},
		{
			"__comment": "Voxels-BFBFBF",
			"from": [ 3, 18, 8.5 ],
			"to": [ 4, 22, 9 ],
			"faces": {
				"up": { "uv": [ 4.96, 4.96, 7.04, 7.04 ], "texture": "#main", "cullface": "up" },
				"south": { "uv": [ 4.96, 4.96, 7.04, 7.04 ], "texture": "#main", "cullface": "up" },
				"west": { "uv": [ 4.96, 4.96, 7.04, 7.04 ], "texture": "#main", "cullface": "up" },
				"east": { "uv": [ 4.96, 4.96, 7.04, 7.04 ], "texture": "#main", "cullface": "up" }
			}
		},
		{
			"__comment": "Voxels-BFBFBF",
			"from": [ 3, 22, 7.5 ],
			"to": [ 13, 22.5, 8.5 ],
			"faces": {
				"down": { "uv": [ 4.96, 4.96, 7.04, 7.04 ], "texture": "#main", "cullface": "up" },
				"up": { "uv": [ 4.96, 4.96, 7.04, 7.04 ], "texture": "#main", "cullface": "up" },
				"north": { "uv": [ 4.96, 4.96, 7.04, 7.04 ], "texture": "#main", "cullface": "up" },
				"south": { "uv": [ 4.96, 4.96, 7.04, 7.04 ], "texture": "#main", "cullface": "up" },
				"west": { "uv": [ 4.96, 4.96, 7.04, 7.04 ], "texture": "#main", "cullface": "up" },
				"east": { "uv": [ 4.96, 4.96, 7.04, 7.04 ], "texture": "#main", "cullface": "up" }
			}
		},
		{
			"__comment": "Voxels-BFBFBF",
			"from": [ 3.5, 22, 7 ],
			"to": [ 12.5, 22.5, 7.5 ],
			"faces": {
				"down": { "uv": [ 4.96, 4.96, 7.04, 7.04 ], "texture": "#main", "cullface": "up" },
				"up": { "uv": [ 4.96, 4.96, 7.04, 7.04 ], "texture": "#main", "cullface": "up" },
				"north": { "uv": [ 4.96, 4.96, 7.04, 7.04 ], "texture": "#main", "cullface": "up" },
				"west": { "uv": [ 4.96, 4.96, 7.04, 7.04 ], "texture": "#main", "cullface": "up" },
				"east": { "uv": [ 4.96, 4.96, 7.04, 7.04 ], "texture": "#main", "cullface": "up" }
			}
		},
		{
			"__comment": "Voxels-BFBFBF",
			"from": [ 3.5, 22, 8.5 ],
			"to": [ 12.5, 22.5, 9 ],
			"faces": {
				"down": { "uv": [ 4.96, 4.96, 7.04, 7.04 ], "texture": "#main", "cullface": "up" },
				"up": { "uv": [ 4.96, 4.96, 7.04, 7.04 ], "texture": "#main", "cullface": "up" },
				"south": { "uv": [ 4.96, 4.96, 7.04, 7.04 ], "texture": "#main", "cullface": "up" },
				"west": { "uv": [ 4.96, 4.96, 7.04, 7.04 ], "texture": "#main", "cullface": "up" },
				"east": { "uv": [ 4.96, 4.96, 7.04, 7.04 ], "texture": "#main", "cullface": "up" }
			}
		},
		{
			"__comment": "Voxels-BFBFBF",
			"from": [ 3.5, 22.5, 7.5 ],
			"to": [ 12.5, 23, 8.5 ],
			"faces": {
				"up": { "uv": [ 4.96, 4.96, 7.04, 7.04 ], "texture": "#main", "cullface": "up" },
				"north": { "uv": [ 4.96, 4.96, 7.04, 7.04 ], "texture": "#main", "cullface": "up" },
				"south": { "uv": [ 4.96, 4.96, 7.04, 7.04 ], "texture": "#main", "cullface": "up" },
				"west": { "uv": [ 4.96, 4.96, 7.04, 7.04 ], "texture": "#main", "cullface": "up" },
				"east": { "uv": [ 4.96, 4.96, 7.04, 7.04 ], "texture": "#main", "cullface": "up" }
			}
		},
		{
			"__comment": "Voxels-BFBFBF",
			"from": [ 4, 21, 7 ],
			"to": [ 4.5, 22, 7.5 ],
			"faces": {
				"down": { "uv": [ 4.96, 4.96, 7.04, 7.04 ], "texture": "#main", "cullface": "up" },
				"north": { "uv": [ 4.96, 4.96, 7.04, 7.04 ], "texture": "#main", "cullface": "up" },
				"east": { "uv": [ 4.96, 4.96, 7.04, 7.04 ], "texture": "#main", "cullface": "up" }
			}
		},
		{
			"__comment": "Voxels-BFBFBF",
			"from": [ 4, 21, 8.5 ],
			"to": [ 4.5, 22, 9 ],
			"faces": {
				"down": { "uv": [ 4.96, 4.96, 7.04, 7.04 ], "texture": "#main", "cullface": "up" },
				"south": { "uv": [ 4.96, 4.96, 7.04, 7.04 ], "texture": "#main", "cullface": "up" },
				"east": { "uv": [ 4.96, 4.96, 7.04, 7.04 ], "texture": "#main", "cullface": "up" }
			}
		},
		{
			"__comment": "Voxels-AAAAAA",
			"from": [ 4.5, -1, 7.5 ],
			"to": [ 5, -0.5, 9 ],
			"faces": {
				"down": { "uv": [ 4.96, 0.96, 7.04, 3.04 ], "texture": "#main", "cullface": "down" },
				"up": { "uv": [ 4.96, 0.96, 7.04, 3.04 ], "texture": "#main", "cullface": "down" },
				"north": { "uv": [ 4.96, 0.96, 7.04, 3.04 ], "texture": "#main", "cullface": "down" },
				"south": { "uv": [ 4.96, 0.96, 7.04, 3.04 ], "texture": "#main", "cullface": "down" },
				"west": { "uv": [ 4.96, 0.96, 7.04, 3.04 ], "texture": "#main", "cullface": "down" },
				"east": { "uv": [ 4.96, 0.96, 7.04, 3.04 ], "texture": "#main", "cullface": "down" }
			}
		},
		{
			"__comment": "Voxels-AAAAAA",
			"from": [ 4.5, -0.5, 8 ],
			"to": [ 6.5, 0, 8.5 ],
			"faces": {
				"down": { "uv": [ 4.96, 0.96, 7.04, 3.04 ], "texture": "#main", "cullface": "down" },
				"north": { "uv": [ 4.96, 0.96, 7.04, 3.04 ], "texture": "#main", "cullface": "down" },
				"south": { "uv": [ 4.96, 0.96, 7.04, 3.04 ], "texture": "#main", "cullface": "down" },
				"west": { "uv": [ 4.96, 0.96, 7.04, 3.04 ], "texture": "#main", "cullface": "down" },
				"east": { "uv": [ 4.96, 0.96, 7.04, 3.04 ], "texture": "#main", "cullface": "down" }
			}
		},
		{
			"__comment": "Voxels-BFBFBF",
			"from": [ 4.5, 21, 7.5 ],
			"to": [ 13.5, 22, 8.5 ],
			"faces": {
				"down": { "uv": [ 4.96, 4.96, 7.04, 7.04 ], "texture": "#main", "cullface": "up" },
				"up": { "uv": [ 4.96, 4.96, 7.04, 7.04 ], "texture": "#main", "cullface": "up" },
				"north": { "uv": [ 4.96, 4.96, 7.04, 7.04 ], "texture": "#main", "cullface": "up" },
				"south": { "uv": [ 4.96, 4.96, 7.04, 7.04 ], "texture": "#main", "cullface": "up" },
				"east": { "uv": [ 4.96, 4.96, 7.04, 7.04 ], "texture": "#main", "cullface": "up" }
			}
		},
		{
			"__comment": "Voxels-BFBFBF",
			"from": [ 4.5, 21.5, 7 ],
			"to": [ 13, 22, 7.5 ],
			"faces": {
				"down": { "uv": [ 4.96, 4.96, 7.04, 7.04 ], "texture": "#main", "cullface": "up" },
				"up": { "uv": [ 4.96, 4.96, 7.04, 7.04 ], "texture": "#main", "cullface": "up" },
				"north": { "uv": [ 4.96, 4.96, 7.04, 7.04 ], "texture": "#main", "cullface": "up" },
				"east": { "uv": [ 4.96, 4.96, 7.04, 7.04 ], "texture": "#main", "cullface": "up" }
			}
		},
		{
			"__comment": "Voxels-BFBFBF",
			"from": [ 4.5, 21.5, 8.5 ],
			"to": [ 13, 22, 9 ],
			"faces": {
				"down": { "uv": [ 4.96, 4.96, 7.04, 7.04 ], "texture": "#main", "cullface": "up" },
				"up": { "uv": [ 4.96, 4.96, 7.04, 7.04 ], "texture": "#main", "cullface": "up" },
				"south": { "uv": [ 4.96, 4.96, 7.04, 7.04 ], "texture": "#main", "cullface": "up" },
				"east": { "uv": [ 4.96, 4.96, 7.04, 7.04 ], "texture": "#main", "cullface": "up" }
			}
		},
		{
			"__comment": "Voxels-AAAAAA",
			"from": [ 5.5, -1, 7.5 ],
			"to": [ 6.5, -0.5, 9 ],
			"faces": {
				"down": { "uv": [ 4.96, 0.96, 7.04, 3.04 ], "texture": "#main", "cullface": "down" },
				"up": { "uv": [ 4.96, 0.96, 7.04, 3.04 ], "texture": "#main", "cullface": "down" },
				"north": { "uv": [ 4.96, 0.96, 7.04, 3.04 ], "texture": "#main", "cullface": "down" },
				"south": { "uv": [ 4.96, 0.96, 7.04, 3.04 ], "texture": "#main", "cullface": "down" },
				"west": { "uv": [ 4.96, 0.96, 7.04, 3.04 ], "texture": "#main", "cullface": "down" },
				"east": { "uv": [ 4.96, 0.96, 7.04, 3.04 ], "texture": "#main", "cullface": "down" }
			}
		},
		{
			"__comment": "Voxels-BFBFBF",
			"from": [ 6, 5.5, 7 ],
			"to": [ 7.5, 6, 9 ],
			"faces": {
				"down": { "uv": [ 4.96, 4.96, 7.04, 7.04 ], "texture": "#main" },
				"up": { "uv": [ 4.96, 4.96, 7.04, 7.04 ], "texture": "#main" },
				"north": { "uv": [ 4.96, 4.96, 7.04, 7.04 ], "texture": "#main" },
				"south": { "uv": [ 4.96, 4.96, 7.04, 7.04 ], "texture": "#main" },
				"west": { "uv": [ 4.96, 4.96, 7.04, 7.04 ], "texture": "#main" },
				"east": { "uv": [ 4.96, 4.96, 7.04, 7.04 ], "texture": "#main" }
			}
		},
		{
			"__comment": "Voxels-BFBFBF",
			"from": [ 6.5, 5.5, 6.5 ],
			"to": [ 7.5, 6, 7 ],
			"faces": {
				"down": { "uv": [ 4.96, 4.96, 7.04, 7.04 ], "texture": "#main" },
				"up": { "uv": [ 4.96, 4.96, 7.04, 7.04 ], "texture": "#main" },
				"north": { "uv": [ 4.96, 4.96, 7.04, 7.04 ], "texture": "#main" },
				"west": { "uv": [ 4.96, 4.96, 7.04, 7.04 ], "texture": "#main" },
				"east": { "uv": [ 4.96, 4.96, 7.04, 7.04 ], "texture": "#main" }
			}
		},
		{
			"__comment": "Voxels-BFBFBF",
			"from": [ 6.5, 5.5, 9 ],
			"to": [ 7.5, 6, 9.5 ],
			"faces": {
				"down": { "uv": [ 4.96, 4.96, 7.04, 7.04 ], "texture": "#main" },
				"up": { "uv": [ 4.96, 4.96, 7.04, 7.04 ], "texture": "#main" },
				"south": { "uv": [ 4.96, 4.96, 7.04, 7.04 ], "texture": "#main" },
				"west": { "uv": [ 4.96, 4.96, 7.04, 7.04 ], "texture": "#main" },
				"east": { "uv": [ 4.96, 4.96, 7.04, 7.04 ], "texture": "#main" }
			}
		},
		{
			"__comment": "Voxels-AAAAAA",
			"from": [ 7, -1, 7.5 ],
			"to": [ 7.5, -0.5, 9 ],
			"faces": {
				"down": { "uv": [ 4.96, 0.96, 7.04, 3.04 ], "texture": "#main", "cullface": "down" },
				"up": { "uv": [ 4.96, 0.96, 7.04, 3.04 ], "texture": "#main", "cullface": "down" },
				"north": { "uv": [ 4.96, 0.96, 7.04, 3.04 ], "texture": "#main", "cullface": "down" },
				"south": { "uv": [ 4.96, 0.96, 7.04, 3.04 ], "texture": "#main", "cullface": "down" },
				"west": { "uv": [ 4.96, 0.96, 7.04, 3.04 ], "texture": "#main", "cullface": "down" },
				"east": { "uv": [ 4.96, 0.96, 7.04, 3.04 ], "texture": "#main", "cullface": "down" }
			}
		},
		{
			"__comment": "Voxels-AAAAAA",
			"from": [ 7, -0.5, 8 ],
			"to": [ 9, 0, 8.5 ],
			"faces": {
				"down": { "uv": [ 4.96, 0.96, 7.04, 3.04 ], "texture": "#main", "cullface": "down" },
				"north": { "uv": [ 4.96, 0.96, 7.04, 3.04 ], "texture": "#main", "cullface": "down" },
				"south": { "uv": [ 4.96, 0.96, 7.04, 3.04 ], "texture": "#main", "cullface": "down" },
				"west": { "uv": [ 4.96, 0.96, 7.04, 3.04 ], "texture": "#main", "cullface": "down" }
			}
		},
		{
			"__comment": "Voxels-BFBFBF",
			"from": [ 7, 5.5, 6 ],
			"to": [ 9, 6, 6.5 ],
			"faces": {
				"down": { "uv": [ 4.96, 4.96, 7.04, 7.04 ], "texture": "#main" },
				"up": { "uv": [ 4.96, 4.96, 7.04, 7.04 ], "texture": "#main" },
				"north": { "uv": [ 4.96, 4.96, 7.04, 7.04 ], "texture": "#main" },
				"south": { "uv": [ 4.96, 4.96, 7.04, 7.04 ], "texture": "#main" },
				"west": { "uv": [ 4.96, 4.96, 7.04, 7.04 ], "texture": "#main" },
				"east": { "uv": [ 4.96, 4.96, 7.04, 7.04 ], "texture": "#main" }
			}
		},
		{
			"__comment": "Voxels-BFBFBF",
			"from": [ 7, 5.5, 9.5 ],
			"to": [ 9, 6, 10 ],
			"faces": {
				"down": { "uv": [ 4.96, 4.96, 7.04, 7.04 ], "texture": "#main" },
				"up": { "uv": [ 4.96, 4.96, 7.04, 7.04 ], "texture": "#main" },
				"north": { "uv": [ 4.96, 4.96, 7.04, 7.04 ], "texture": "#main" },
				"south": { "uv": [ 4.96, 4.96, 7.04, 7.04 ], "texture": "#main" },
				"west": { "uv": [ 4.96, 4.96, 7.04, 7.04 ], "texture": "#main" },
				"east": { "uv": [ 4.96, 4.96, 7.04, 7.04 ], "texture": "#main" }
			}
		},
		{
			"__comment": "Voxels-BFBFBF",
			"from": [ 7, 6, 6.5 ],
			"to": [ 7.5, 6.5, 9.5 ],
			"faces": {
				"down": { "uv": [ 4.96, 4.96, 7.04, 7.04 ], "texture": "#main" },
				"east": { "uv": [ 4.96, 4.96, 7.04, 7.04 ], "texture": "#main" }
			}
		},
		{
			"__comment": "Voxels-BFBFBF",
			"from": [ 7.5, 6, 6 ],
			"to": [ 9, 6.5, 6.5 ],
			"faces": {
				"south": { "uv": [ 4.96, 4.96, 7.04, 7.04 ], "texture": "#main" }
			}
		},
		{
			"__comment": "Voxels-BFBFBF",
			"from": [ 7.5, 6, 9.5 ],
			"to": [ 9, 6.5, 10 ],
			"faces": {
				"north": { "uv": [ 4.96, 4.96, 7.04, 7.04 ], "texture": "#main" }
			}
		},
		{
			"__comment": "Voxels-2B2B2B",
			"from": [ 7.5, 6.5, 6.5 ],
			"to": [ 8.5, 7, 9.5 ],
			"faces": {
				"down": { "uv": [ 8.96, 4.96, 11.04, 7.04 ], "texture": "#main" }
			}
		},
		{
			"__comment": "Voxels-DEB800",
			"from": [ 7.5, 7, 6.5 ],
			"to": [ 15, 9, 9.5 ],
			"faces": {
				"down": { "uv": [ 8.96, 0.96, 11.04, 3.04 ], "texture": "#main" },
				"up": { "uv": [ 8.96, 0.96, 11.04, 3.04 ], "texture": "#main" },
				"east": { "uv": [ 8.96, 0.96, 11.04, 3.04 ], "texture": "#main" }
			}
		},
		{
			"__comment": "Voxels-AAAAAA",
			"from": [ 8, -1, 7.5 ],
			"to": [ 9.5, -0.5, 9 ],
			"faces": {
				"down": { "uv": [ 4.96, 0.96, 7.04, 3.04 ], "texture": "#main", "cullface": "down" },
				"up": { "uv": [ 4.96, 0.96, 7.04, 3.04 ], "texture": "#main", "cullface": "down" },
				"north": { "uv": [ 4.96, 0.96, 7.04, 3.04 ], "texture": "#main", "cullface": "down" },
				"south": { "uv": [ 4.96, 0.96, 7.04, 3.04 ], "texture": "#main", "cullface": "down" },
				"west": { "uv": [ 4.96, 0.96, 7.04, 3.04 ], "texture": "#main", "cullface": "down" }
			}
		},
		{
			"__comment": "Voxels-BFBFBF",
			"from": [ 8, 5.5, 6.5 ],
			"to": [ 9.5, 6.5, 7 ],
			"faces": {
				"down": { "uv": [ 4.96, 4.96, 7.04, 7.04 ], "texture": "#main" },
				"up": { "uv": [ 4.96, 4.96, 7.04, 7.04 ], "texture": "#main" },
				"north": { "uv": [ 4.96, 4.96, 7.04, 7.04 ], "texture": "#main" },
				"south": { "uv": [ 4.96, 4.96, 7.04, 7.04 ], "texture": "#main" },
				"west": { "uv": [ 4.96, 4.96, 7.04, 7.04 ], "texture": "#main" },
				"east": { "uv": [ 4.96, 4.96, 7.04, 7.04 ], "texture": "#main" }
			}
		},
		{
			"__comment": "Voxels-BFBFBF",
			"from": [ 8, 5.5, 7.5 ],
			"to": [ 10, 6.5, 8.5 ],
			"faces": {
				"down": { "uv": [ 4.96, 4.96, 7.04, 7.04 ], "texture": "#main" },
				"up": { "uv": [ 4.96, 4.96, 7.04, 7.04 ], "texture": "#main" },
				"north": { "uv": [ 4.96, 4.96, 7.04, 7.04 ], "texture": "#main" },
				"south": { "uv": [ 4.96, 4.96, 7.04, 7.04 ], "texture": "#main" },
				"west": { "uv": [ 4.96, 4.96, 7.04, 7.04 ], "texture": "#main" },
				"east": { "uv": [ 4.96, 4.96, 7.04, 7.04 ], "texture": "#main" }
			}
		},
		{
			"__comment": "Voxels-BFBFBF",
			"from": [ 8, 5.5, 9 ],
			"to": [ 9.5, 6.5, 9.5 ],
			"faces": {
				"down": { "uv": [ 4.96, 4.96, 7.04, 7.04 ], "texture": "#main" },
				"up": { "uv": [ 4.96, 4.96, 7.04, 7.04 ], "texture": "#main" },
				"north": { "uv": [ 4.96, 4.96, 7.04, 7.04 ], "texture": "#main" },
				"south": { "uv": [ 4.96, 4.96, 7.04, 7.04 ], "texture": "#main" },
				"west": { "uv": [ 4.96, 4.96, 7.04, 7.04 ], "texture": "#main" },
				"east": { "uv": [ 4.96, 4.96, 7.04, 7.04 ], "texture": "#main" }
			}
		},
		{
			"__comment": "Voxels-BFBFBF",
			"from": [ 8.5, 5.5, 7 ],
			"to": [ 10, 6.5, 7.5 ],
			"faces": {
				"down": { "uv": [ 4.96, 4.96, 7.04, 7.04 ], "texture": "#main" },
				"north": { "uv": [ 4.96, 4.96, 7.04, 7.04 ], "texture": "#main" },
				"west": { "uv": [ 4.96, 4.96, 7.04, 7.04 ], "texture": "#main" },
				"east": { "uv": [ 4.96, 4.96, 7.04, 7.04 ], "texture": "#main" }
			}
		},
		{
			"__comment": "Voxels-BFBFBF",
			"from": [ 8.5, 5.5, 8.5 ],
			"to": [ 10, 6.5, 9 ],
			"faces": {
				"down": { "uv": [ 4.96, 4.96, 7.04, 7.04 ], "texture": "#main" },
				"south": { "uv": [ 4.96, 4.96, 7.04, 7.04 ], "texture": "#main" },
				"west": { "uv": [ 4.96, 4.96, 7.04, 7.04 ], "texture": "#main" },
				"east": { "uv": [ 4.96, 4.96, 7.04, 7.04 ], "texture": "#main" }
			}
		},
		{
			"__comment": "Voxels-DEB800",
			"from": [ 8.5, 6.5, 6.5 ],
			"to": [ 15, 7, 9.5 ],
			"faces": {
				"down": { "uv": [ 8.96, 0.96, 11.04, 3.04 ], "texture": "#main" },
				"east": { "uv": [ 8.96, 0.96, 11.04, 3.04 ], "texture": "#main" }
			}
		},
		{
			"__comment": "Voxels-1B1B1B",
			"from": [ 9, -1.5, 7 ],
			"to": [ 10, -1, 9.5 ],
			"faces": {
				"down": { "uv": [ 12.96, 4.96, 15.04, 7.04 ], "texture": "#main", "cullface": "down" },
				"up": { "uv": [ 12.96, 4.96, 15.04, 7.04 ], "texture": "#main", "cullface": "down" },
				"north": { "uv": [ 12.96, 4.96, 15.04, 7.04 ], "texture": "#main", "cullface": "down" },
				"south": { "uv": [ 12.96, 4.96, 15.04, 7.04 ], "texture": "#main", "cullface": "down" },
				"west": { "uv": [ 12.96, 4.96, 15.04, 7.04 ], "texture": "#main", "cullface": "down" },
				"east": { "uv": [ 12.96, 4.96, 15.04, 7.04 ], "texture": "#main", "cullface": "down" }
			}
		},
		{
			"__comment": "Voxels-1B1B1B",
			"from": [ 9, -1, 7 ],
			"to": [ 9.5, 1.5, 7.5 ],
			"faces": {
				"up": { "uv": [ 12.96, 4.96, 15.04, 7.04 ], "texture": "#main", "cullface": "down" },
				"north": { "uv": [ 12.96, 4.96, 15.04, 7.04 ], "texture": "#main", "cullface": "down" },
				"south": { "uv": [ 12.96, 4.96, 15.04, 7.04 ], "texture": "#main", "cullface": "down" },
				"west": { "uv": [ 12.96, 4.96, 15.04, 7.04 ], "texture": "#main", "cullface": "down" },
				"east": { "uv": [ 12.96, 4.96, 15.04, 7.04 ], "texture": "#main", "cullface": "down" }
			}
		},
		{
			"__comment": "Voxels-1B1B1B",
			"from": [ 9, -1, 9 ],
			"to": [ 9.5, 1.5, 9.5 ],
			"faces": {
				"up": { "uv": [ 12.96, 4.96, 15.04, 7.04 ], "texture": "#main", "cullface": "down" },
				"north": { "uv": [ 12.96, 4.96, 15.04, 7.04 ], "texture": "#main", "cullface": "down" },
				"south": { "uv": [ 12.96, 4.96, 15.04, 7.04 ], "texture": "#main", "cullface": "down" },
				"west": { "uv": [ 12.96, 4.96, 15.04, 7.04 ], "texture": "#main", "cullface": "down" },
				"east": { "uv": [ 12.96, 4.96, 15.04, 7.04 ], "texture": "#main", "cullface": "down" }
			}
		},
		{
			"__comment": "Voxels-1B1B1B",
			"from": [ 9, -0.5, 7.5 ],
			"to": [ 9.5, 0, 9 ],
			"faces": {
				"west": { "uv": [ 12.96, 4.96, 15.04, 7.04 ], "texture": "#main", "cullface": "down" }
			}
		},
		{
			"__comment": "Voxels-1B1B1B",
			"from": [ 9, 0.5, 7.5 ],
			"to": [ 9.5, 1.5, 9 ],
			"faces": {
				"up": { "uv": [ 12.96, 4.96, 15.04, 7.04 ], "texture": "#main" },
				"west": { "uv": [ 12.96, 4.96, 15.04, 7.04 ], "texture": "#main" },
				"east": { "uv": [ 12.96, 4.96, 15.04, 7.04 ], "texture": "#main" }
			}
		},
		{
			"__comment": "Voxels-939393",
			"from": [ 9, 6, 6 ],
			"to": [ 14, 6.5, 6.5 ],
			"faces": {
				"down": { "uv": [ 12.96, 0.96, 15.04, 3.04 ], "texture": "#main" },
				"north": { "uv": [ 12.96, 0.96, 15.04, 3.04 ], "texture": "#main" },
				"south": { "uv": [ 12.96, 0.96, 15.04, 3.04 ], "texture": "#main" }
			}
		},
		{
			"__comment": "Voxels-939393",
			"from": [ 9, 6, 9.5 ],
			"to": [ 14, 6.5, 10 ],
			"faces": {
				"down": { "uv": [ 12.96, 0.96, 15.04, 3.04 ], "texture": "#main" },
				"north": { "uv": [ 12.96, 0.96, 15.04, 3.04 ], "texture": "#main" },
				"south": { "uv": [ 12.96, 0.96, 15.04, 3.04 ], "texture": "#main" }
			}
		},
		{
			"__comment": "Voxels-1B1B1B",
			"from": [ 9.5, -2, 7 ],
			"to": [ 10.5, -1.5, 9.5 ],
			"faces": {
				"down": { "uv": [ 12.96, 4.96, 15.04, 7.04 ], "texture": "#main", "cullface": "down" },
				"up": { "uv": [ 12.96, 4.96, 15.04, 7.04 ], "texture": "#main", "cullface": "down" },
				"north": { "uv": [ 12.96, 4.96, 15.04, 7.04 ], "texture": "#main", "cullface": "down" },
				"south": { "uv": [ 12.96, 4.96, 15.04, 7.04 ], "texture": "#main", "cullface": "down" },
				"west": { "uv": [ 12.96, 4.96, 15.04, 7.04 ], "texture": "#main", "cullface": "down" },
				"east": { "uv": [ 12.96, 4.96, 15.04, 7.04 ], "texture": "#main", "cullface": "down" }
			}
		},
		{
			"__comment": "Voxels-2B2B2B",
			"from": [ 9.5, -1, 7.5 ],
			"to": [ 13.5, 1, 9 ],
			"faces": {
				"down": { "uv": [ 8.96, 4.96, 11.04, 7.04 ], "texture": "#main", "cullface": "down" },
				"up": { "uv": [ 8.96, 4.96, 11.04, 7.04 ], "texture": "#main", "cullface": "down" },
				"north": { "uv": [ 8.96, 4.96, 11.04, 7.04 ], "texture": "#main", "cullface": "down" },
				"south": { "uv": [ 8.96, 4.96, 11.04, 7.04 ], "texture": "#main", "cullface": "down" },
				"west": { "uv": [ 8.96, 4.96, 11.04, 7.04 ], "texture": "#main", "cullface": "down" }
			}
		},
		{
			"__comment": "Voxels-1B1B1B",
			"from": [ 9.5, 1, 7 ],
			"to": [ 10, 2, 9.5 ],
			"faces": {
				"down": { "uv": [ 12.96, 4.96, 15.04, 7.04 ], "texture": "#main" },
				"up": { "uv": [ 12.96, 4.96, 15.04, 7.04 ], "texture": "#main" },
				"north": { "uv": [ 12.96, 4.96, 15.04, 7.04 ], "texture": "#main" },
				"south": { "uv": [ 12.96, 4.96, 15.04, 7.04 ], "texture": "#main" },
				"west": { "uv": [ 12.96, 4.96, 15.04, 7.04 ], "texture": "#main" },
				"east": { "uv": [ 12.96, 4.96, 15.04, 7.04 ], "texture": "#main" }
			}
		},
		{
			"__comment": "Voxels-939393",
			"from": [ 9.5, 6, 6.5 ],
			"to": [ 14.5, 6.5, 7 ],
			"faces": {
				"down": { "uv": [ 12.96, 0.96, 15.04, 3.04 ], "texture": "#main" },
				"north": { "uv": [ 12.96, 0.96, 15.04, 3.04 ], "texture": "#main" },
				"south": { "uv": [ 12.96, 0.96, 15.04, 3.04 ], "texture": "#main" }
			}
		},
		{
			"__comment": "Voxels-939393",
			"from": [ 9.5, 6, 9 ],
			"to": [ 14.5, 6.5, 9.5 ],
			"faces": {
				"down": { "uv": [ 12.96, 0.96, 15.04, 3.04 ], "texture": "#main" },
				"north": { "uv": [ 12.96, 0.96, 15.04, 3.04 ], "texture": "#main" },
				"south": { "uv": [ 12.96, 0.96, 15.04, 3.04 ], "texture": "#main" }
			}
		},
		{
			"__comment": "Voxels-1B1B1B",
			"from": [ 10, -2.5, 7 ],
			"to": [ 13, -2, 9.5 ],
			"faces": {
				"down": { "uv": [ 12.96, 4.96, 15.04, 7.04 ], "texture": "#main", "cullface": "down" },
				"up": { "uv": [ 12.96, 4.96, 15.04, 7.04 ], "texture": "#main", "cullface": "down" },
				"north": { "uv": [ 12.96, 4.96, 15.04, 7.04 ], "texture": "#main", "cullface": "down" },
				"south": { "uv": [ 12.96, 4.96, 15.04, 7.04 ], "texture": "#main", "cullface": "down" },
				"west": { "uv": [ 12.96, 4.96, 15.04, 7.04 ], "texture": "#main", "cullface": "down" },
				"east": { "uv": [ 12.96, 4.96, 15.04, 7.04 ], "texture": "#main", "cullface": "down" }
			}
		},
		{
			"__comment": "Voxels-2B2B2B",
			"from": [ 10, -1.5, 7.5 ],
			"to": [ 13, -1, 9 ],
			"faces": {
				"down": { "uv": [ 8.96, 4.96, 11.04, 7.04 ], "texture": "#main", "cullface": "down" },
				"north": { "uv": [ 8.96, 4.96, 11.04, 7.04 ], "texture": "#main", "cullface": "down" },
				"south": { "uv": [ 8.96, 4.96, 11.04, 7.04 ], "texture": "#main", "cullface": "down" }
			}
		},
		{
			"__comment": "Voxels-2B2B2B",
			"from": [ 10, 1, 7.5 ],
			"to": [ 13, 1.5, 9 ],
			"faces": {
				"up": { "uv": [ 8.96, 4.96, 11.04, 7.04 ], "texture": "#main" },
				"north": { "uv": [ 8.96, 4.96, 11.04, 7.04 ], "texture": "#main" },
				"south": { "uv": [ 8.96, 4.96, 11.04, 7.04 ], "texture": "#main" }
			}
		},
		{
			"__comment": "Voxels-1B1B1B",
			"from": [ 10, 1.5, 7 ],
			"to": [ 10.5, 2.5, 9.5 ],
			"faces": {
				"down": { "uv": [ 12.96, 4.96, 15.04, 7.04 ], "texture": "#main" },
				"up": { "uv": [ 12.96, 4.96, 15.04, 7.04 ], "texture": "#main" },
				"north": { "uv": [ 12.96, 4.96, 15.04, 7.04 ], "texture": "#main" },
				"south": { "uv": [ 12.96, 4.96, 15.04, 7.04 ], "texture": "#main" },
				"west": { "uv": [ 12.96, 4.96, 15.04, 7.04 ], "texture": "#main" },
				"east": { "uv": [ 12.96, 4.96, 15.04, 7.04 ], "texture": "#main" }
			}
		},
		{
			"__comment": "Voxels-939393",
			"from": [ 10, 6, 7 ],
			"to": [ 14.5, 6.5, 9 ],
			"faces": {
				"down": { "uv": [ 12.96, 0.96, 15.04, 3.04 ], "texture": "#main" },
				"west": { "uv": [ 12.96, 0.96, 15.04, 3.04 ], "texture": "#main" }
			}
		},
		{
			"__comment": "Voxels-2B2B2B",
			"from": [ 10.5, -2, 7.5 ],
			"to": [ 12.5, -1.5, 9 ],
			"faces": {
				"north": { "uv": [ 8.96, 4.96, 11.04, 7.04 ], "texture": "#main", "cullface": "down" },
				"south": { "uv": [ 8.96, 4.96, 11.04, 7.04 ], "texture": "#main", "cullface": "down" }
			}
		},
		{
			"__comment": "Voxels-2B2B2B",
			"from": [ 10.5, 1.5, 7.5 ],
			"to": [ 12.5, 2, 9 ],
			"faces": {
				"north": { "uv": [ 8.96, 4.96, 11.04, 7.04 ], "texture": "#main" },
				"south": { "uv": [ 8.96, 4.96, 11.04, 7.04 ], "texture": "#main" }
			}
		},
		{
			"__comment": "Voxels-1B1B1B",
			"from": [ 10.5, 2, 7 ],
			"to": [ 13, 2.5, 9.5 ],
			"faces": {
				"down": { "uv": [ 12.96, 4.96, 15.04, 7.04 ], "texture": "#main" },
				"up": { "uv": [ 12.96, 4.96, 15.04, 7.04 ], "texture": "#main" },
				"north": { "uv": [ 12.96, 4.96, 15.04, 7.04 ], "texture": "#main" },
				"south": { "uv": [ 12.96, 4.96, 15.04, 7.04 ], "texture": "#main" },
				"east": { "uv": [ 12.96, 4.96, 15.04, 7.04 ], "texture": "#main" }
			}
		},
		{
			"__comment": "Voxels-BFBFBF",
			"from": [ 11.5, 18, 7.5 ],
			"to": [ 13.5, 21, 8.5 ],
			"faces": {
				"north": { "uv": [ 4.96, 4.96, 7.04, 7.04 ], "texture": "#main", "cullface": "up" },
				"south": { "uv": [ 4.96, 4.96, 7.04, 7.04 ], "texture": "#main", "cullface": "up" },
				"west": { "uv": [ 4.96, 4.96, 7.04, 7.04 ], "texture": "#main", "cullface": "up" },
				"east": { "uv": [ 4.96, 4.96, 7.04, 7.04 ], "texture": "#main", "cullface": "up" }
			}
		},
		{
			"__comment": "Voxels-BFBFBF",
			"from": [ 11.5, 21, 7 ],
			"to": [ 13, 21.5, 7.5 ],
			"faces": {
				"down": { "uv": [ 4.96, 4.96, 7.04, 7.04 ], "texture": "#main", "cullface": "up" },
				"north": { "uv": [ 4.96, 4.96, 7.04, 7.04 ], "texture": "#main", "cullface": "up" },
				"west": { "uv": [ 4.96, 4.96, 7.04, 7.04 ], "texture": "#main", "cullface": "up" },
				"east": { "uv": [ 4.96, 4.96, 7.04, 7.04 ], "texture": "#main", "cullface": "up" }
			}
		},
		{
			"__comment": "Voxels-BFBFBF",
			"from": [ 11.5, 21, 8.5 ],
			"to": [ 13, 21.5, 9 ],
			"faces": {
				"down": { "uv": [ 4.96, 4.96, 7.04, 7.04 ], "texture": "#main", "cullface": "up" },
				"south": { "uv": [ 4.96, 4.96, 7.04, 7.04 ], "texture": "#main", "cullface": "up" },
				"west": { "uv": [ 4.96, 4.96, 7.04, 7.04 ], "texture": "#main", "cullface": "up" },
				"east": { "uv": [ 4.96, 4.96, 7.04, 7.04 ], "texture": "#main", "cullface": "up" }
			}
		},
		{
			"__comment": "Voxels-BFBFBF",
			"from": [ 12, 18, 7 ],
			"to": [ 13, 21, 7.5 ],
			"faces": {
				"north": { "uv": [ 4.96, 4.96, 7.04, 7.04 ], "texture": "#main", "cullface": "up" },
				"west": { "uv": [ 4.96, 4.96, 7.04, 7.04 ], "texture": "#main", "cullface": "up" },
				"east": { "uv": [ 4.96, 4.96, 7.04, 7.04 ], "texture": "#main", "cullface": "up" }
			}
		},
		{
			"__comment": "Voxels-BFBFBF",
			"from": [ 12, 18, 8.5 ],
			"to": [ 13, 21, 9 ],
			"faces": {
				"south": { "uv": [ 4.96, 4.96, 7.04, 7.04 ], "texture": "#main", "cullface": "up" },
				"west": { "uv": [ 4.96, 4.96, 7.04, 7.04 ], "texture": "#main", "cullface": "up" },
				"east": { "uv": [ 4.96, 4.96, 7.04, 7.04 ], "texture": "#main", "cullface": "up" }
			}
		},
		{
			"__comment": "Voxels-1B1B1B",
			"from": [ 12.5, -2, 7 ],
			"to": [ 13.5, -1.5, 9.5 ],
			"faces": {
				"down": { "uv": [ 12.96, 4.96, 15.04, 7.04 ], "texture": "#main", "cullface": "down" },
				"up": { "uv": [ 12.96, 4.96, 15.04, 7.04 ], "texture": "#main", "cullface": "down" },
				"north": { "uv": [ 12.96, 4.96, 15.04, 7.04 ], "texture": "#main", "cullface": "down" },
				"south": { "uv": [ 12.96, 4.96, 15.04, 7.04 ], "texture": "#main", "cullface": "down" },
				"west": { "uv": [ 12.96, 4.96, 15.04, 7.04 ], "texture": "#main", "cullface": "down" },
				"east": { "uv": [ 12.96, 4.96, 15.04, 7.04 ], "texture": "#main", "cullface": "down" }
			}
		},
		{
			"__comment": "Voxels-1B1B1B",
			"from": [ 12.5, 1.5, 7 ],
			"to": [ 13.5, 2, 9.5 ],
			"faces": {
				"down": { "uv": [ 12.96, 4.96, 15.04, 7.04 ], "texture": "#main" },
				"up": { "uv": [ 12.96, 4.96, 15.04, 7.04 ], "texture": "#main" },
				"north": { "uv": [ 12.96, 4.96, 15.04, 7.04 ], "texture": "#main" },
				"south": { "uv": [ 12.96, 4.96, 15.04, 7.04 ], "texture": "#main" },
				"west": { "uv": [ 12.96, 4.96, 15.04, 7.04 ], "texture": "#main" },
				"east": { "uv": [ 12.96, 4.96, 15.04, 7.04 ], "texture": "#main" }
			}
		},
		{
			"__comment": "Voxels-1B1B1B",
			"from": [ 13, -1.5, 7 ],
			"to": [ 14, -1, 9.5 ],
			"faces": {
				"down": { "uv": [ 12.96, 4.96, 15.04, 7.04 ], "texture": "#main", "cullface": "down" },
				"up": { "uv": [ 12.96, 4.96, 15.04, 7.04 ], "texture": "#main", "cullface": "down" },
				"north": { "uv": [ 12.96, 4.96, 15.04, 7.04 ], "texture": "#main", "cullface": "down" },
				"south": { "uv": [ 12.96, 4.96, 15.04, 7.04 ], "texture": "#main", "cullface": "down" },
				"west": { "uv": [ 12.96, 4.96, 15.04, 7.04 ], "texture": "#main", "cullface": "down" },
				"east": { "uv": [ 12.96, 4.96, 15.04, 7.04 ], "texture": "#main", "cullface": "down" }
			}
		},
		{
			"__comment": "Voxels-1B1B1B",
			"from": [ 13, 1, 7 ],
			"to": [ 14, 1.5, 9.5 ],
			"faces": {
				"down": { "uv": [ 12.96, 4.96, 15.04, 7.04 ], "texture": "#main" },
				"up": { "uv": [ 12.96, 4.96, 15.04, 7.04 ], "texture": "#main" },
				"north": { "uv": [ 12.96, 4.96, 15.04, 7.04 ], "texture": "#main" },
				"south": { "uv": [ 12.96, 4.96, 15.04, 7.04 ], "texture": "#main" },
				"west": { "uv": [ 12.96, 4.96, 15.04, 7.04 ], "texture": "#main" },
				"east": { "uv": [ 12.96, 4.96, 15.04, 7.04 ], "texture": "#main" }
			}
		},
		{
			"__comment": "Voxels-1B1B1B",
			"from": [ 13.5, -1, 7 ],
			"to": [ 14, 1, 9.5 ],
			"faces": {
				"north": { "uv": [ 12.96, 4.96, 15.04, 7.04 ], "texture": "#main", "cullface": "down" },
				"south": { "uv": [ 12.96, 4.96, 15.04, 7.04 ], "texture": "#main", "cullface": "down" },
				"west": { "uv": [ 12.96, 4.96, 15.04, 7.04 ], "texture": "#main", "cullface": "down" },
				"east": { "uv": [ 12.96, 4.96, 15.04, 7.04 ], "texture": "#main", "cullface": "down" }
			}
		},
		{
			"__comment": "Voxels-DEB800",
			"from": [ 13.5, 5.5, 5.5 ],
			"to": [ 14.5, 6.5, 6 ],
			"faces": {
				"down": { "uv": [ 8.96, 0.96, 11.04, 3.04 ], "texture": "#main" },
				"north": { "uv": [ 8.96, 0.96, 11.04, 3.04 ], "texture": "#main" },
				"south": { "uv": [ 8.96, 0.96, 11.04, 3.04 ], "texture": "#main" },
				"west": { "uv": [ 8.96, 0.96, 11.04, 3.04 ], "texture": "#main" },
				"east": { "uv": [ 8.96, 0.96, 11.04, 3.04 ], "texture": "#main" }
			}
		},
		{
			"__comment": "Voxels-DEB800",
			"from": [ 13.5, 5.5, 10 ],
			"to": [ 14.5, 6.5, 10.5 ],
			"faces": {
				"down": { "uv": [ 8.96, 0.96, 11.04, 3.04 ], "texture": "#main" },
				"north": { "uv": [ 8.96, 0.96, 11.04, 3.04 ], "texture": "#main" },
				"south": { "uv": [ 8.96, 0.96, 11.04, 3.04 ], "texture": "#main" },
				"west": { "uv": [ 8.96, 0.96, 11.04, 3.04 ], "texture": "#main" },
				"east": { "uv": [ 8.96, 0.96, 11.04, 3.04 ], "texture": "#main" }
			}
		},
		{
			"__comment": "Voxels-DEB800",
			"from": [ 14, 5.5, 6 ],
			"to": [ 15, 6.5, 6.5 ],
			"faces": {
				"down": { "uv": [ 8.96, 0.96, 11.04, 3.04 ], "texture": "#main" },
				"north": { "uv": [ 8.96, 0.96, 11.04, 3.04 ], "texture": "#main" },
				"south": { "uv": [ 8.96, 0.96, 11.04, 3.04 ], "texture": "#main" },
				"west": { "uv": [ 8.96, 0.96, 11.04, 3.04 ], "texture": "#main" },
				"east": { "uv": [ 8.96, 0.96, 11.04, 3.04 ], "texture": "#main" }
			}
		},
		{
			"__comment": "Voxels-DEB800",
			"from": [ 14, 5.5, 9.5 ],
			"to": [ 15, 6.5, 10 ],
			"faces": {
				"down": { "uv": [ 8.96, 0.96, 11.04, 3.04 ], "texture": "#main" },
				"north": { "uv": [ 8.96, 0.96, 11.04, 3.04 ], "texture": "#main" },
				"south": { "uv": [ 8.96, 0.96, 11.04, 3.04 ], "texture": "#main" },
				"west": { "uv": [ 8.96, 0.96, 11.04, 3.04 ], "texture": "#main" },
				"east": { "uv": [ 8.96, 0.96, 11.04, 3.04 ], "texture": "#main" }
			}
		},
		{
			"__comment": "Voxels-DEB800",
			"from": [ 14.5, 5.5, 6.5 ],
			"to": [ 15, 6.5, 9.5 ],
			"faces": {
				"down": { "uv": [ 8.96, 0.96, 11.04, 3.04 ], "texture": "#main" },
				"west": { "uv": [ 8.96, 0.96, 11.04, 3.04 ], "texture": "#main" },
				"east": { "uv": [ 8.96, 0.96, 11.04, 3.04 ], "texture": "#main" }
			}
		}
	],
	"display": {
		"thirdperson_righthand": {
			"rotation":  [ 0, -74, 0 ],
			"translation":  [ 0, -0.508, 0 ],
			"scale":  [ 0.3, 0.3, 0.3 ]
		},
		"thirdperson_lefthand": {
			"rotation":  [ 0, -74, 0 ],
			"translation":  [ 0, -0.508, 0 ],
			"scale":  [ -0.3, 0.3, 0.3 ]
		},
		"firstperson_righthand": {
			"rotation":  [ 25, -75, 0 ],
			"translation":  [ 1.5, 2, 0 ],
			"scale":  [ 0.2, 0.2, 0.2 ]
		},
		"firstperson_lefthand": {
			"rotation":  [ 25, -75, 0 ],
			"translation":  [ 1.5, 2, 0 ],
			"scale":  [ -0.2, 0.2, 0.2 ]
		},
		"gui": {
			"rotation":  [ 25, 0, 0 ],
			"translation":  [ 0, -1.2, 0 ],
			"scale":  [ 0.55, 0.55, 0.55 ]
		},
		"ground": {
			"translation":  [ 0, 12, 0 ],
			"scale":  [ 0.4, 0.4, 0.4 ]
		},
		"fixed": {
			"translation":  [ 0, -1, -2 ],
			"scale":  [ 0.5, 0.5, 0.5 ]
		}
	}
}