{
	"__comment": "Designed by NullBlox/ZachryWilsn - http://nullblox.net",
	"textures": {
		"main": "items/nubx/miscellaneous/scuba_module"
	},
	"elements": [ 	 
		{
			"__comment": "Voxels-1B1B1B",
			"from": [ 4, 0, 6 ],
			"to": [ 12, 2.5, 10 ],
			"faces": {
				"down": { "uv": [ 4.96, 0.96, 7.04, 3.04 ], "texture": "#main", "cullface": "down" },
				"up": { "uv": [ 4.96, 0.96, 7.04, 3.04 ], "texture": "#main" },
				"north": { "uv": [ 4.96, 0.96, 7.04, 3.04 ], "texture": "#main" },
				"south": { "uv": [ 4.96, 0.96, 7.04, 3.04 ], "texture": "#main" },
				"west": { "uv": [ 4.96, 0.96, 7.04, 3.04 ], "texture": "#main" },
				"east": { "uv": [ 4.96, 0.96, 7.04, 3.04 ], "texture": "#main" }
			}
		},
		{
			"__comment": "Voxels-AAAAAA",
			"from": [ 4.5, -0.5, 6 ],
			"to": [ 11.5, 0, 10 ],
			"faces": {
				"down": { "uv": [ 12.96, 4.96, 15.04, 7.04 ], "texture": "#main", "cullface": "down" },
				"north": { "uv": [ 12.96, 4.96, 15.04, 7.04 ], "texture": "#main", "cullface": "down" },
				"south": { "uv": [ 12.96, 4.96, 15.04, 7.04 ], "texture": "#main", "cullface": "down" },
				"west": { "uv": [ 12.96, 4.96, 15.04, 7.04 ], "texture": "#main", "cullface": "down" },
				"east": { "uv": [ 12.96, 4.96, 15.04, 7.04 ], "texture": "#main", "cullface": "down" }
			}
		},
		{
			"__comment": "Voxels-1B1B1B",
			"from": [ 4.5, 0, 5.5 ],
			"to": [ 11.5, 2.5, 6 ],
			"faces": {
				"down": { "uv": [ 4.96, 0.96, 7.04, 3.04 ], "texture": "#main", "cullface": "down" },
				"up": { "uv": [ 4.96, 0.96, 7.04, 3.04 ], "texture": "#main" },
				"north": { "uv": [ 4.96, 0.96, 7.04, 3.04 ], "texture": "#main" },
				"west": { "uv": [ 4.96, 0.96, 7.04, 3.04 ], "texture": "#main" },
				"east": { "uv": [ 4.96, 0.96, 7.04, 3.04 ], "texture": "#main" }
			}
		},
		{
			"__comment": "Voxels-1B1B1B",
			"from": [ 4.5, 0, 10 ],
			"to": [ 11.5, 2.5, 10.5 ],
			"faces": {
				"down": { "uv": [ 4.96, 0.96, 7.04, 3.04 ], "texture": "#main", "cullface": "down" },
				"up": { "uv": [ 4.96, 0.96, 7.04, 3.04 ], "texture": "#main" },
				"south": { "uv": [ 4.96, 0.96, 7.04, 3.04 ], "texture": "#main" },
				"west": { "uv": [ 4.96, 0.96, 7.04, 3.04 ], "texture": "#main" },
				"east": { "uv": [ 4.96, 0.96, 7.04, 3.04 ], "texture": "#main" }
			}
		},
		{
			"__comment": "Voxels-B7B700",
			"from": [ 4.5, 2.5, 6 ],
			"to": [ 11.5, 14, 10 ],
			"faces": {
				"up": { "uv": [ 8.96, 0.96, 11.04, 3.04 ], "texture": "#main" },
				"north": { "uv": [ 8.96, 0.96, 11.04, 3.04 ], "texture": "#main" },
				"south": { "uv": [ 8.96, 0.96, 11.04, 3.04 ], "texture": "#main" },
				"west": { "uv": [ 8.96, 0.96, 11.04, 3.04 ], "texture": "#main" },
				"east": { "uv": [ 8.96, 0.96, 11.04, 3.04 ], "texture": "#main" }
			}
		},
		{
			"__comment": "Voxels-B7B700",
			"from": [ 4.5, 14, 7 ],
			"to": [ 11.5, 14.5, 9 ],
			"faces": {
				"up": { "uv": [ 8.96, 0.96, 11.04, 3.04 ], "texture": "#main" },
				"north": { "uv": [ 8.96, 0.96, 11.04, 3.04 ], "texture": "#main" },
				"south": { "uv": [ 8.96, 0.96, 11.04, 3.04 ], "texture": "#main" },
				"west": { "uv": [ 8.96, 0.96, 11.04, 3.04 ], "texture": "#main" },
				"east": { "uv": [ 8.96, 0.96, 11.04, 3.04 ], "texture": "#main" }
			}
		},
		{
			"__comment": "Voxels-3C3C3C",
			"from": [ 4.5, 17, 7.5 ],
			"to": [ 6, 19, 8.5 ],
			"faces": {
				"down": { "uv": [ 12.96, 0.96, 15.04, 3.04 ], "texture": "#main", "cullface": "up" },
				"up": { "uv": [ 12.96, 0.96, 15.04, 3.04 ], "texture": "#main", "cullface": "up" },
				"north": { "uv": [ 12.96, 0.96, 15.04, 3.04 ], "texture": "#main", "cullface": "up" },
				"south": { "uv": [ 12.96, 0.96, 15.04, 3.04 ], "texture": "#main", "cullface": "up" },
				"west": { "uv": [ 12.96, 0.96, 15.04, 3.04 ], "texture": "#main", "cullface": "up" },
				"east": { "uv": [ 12.96, 0.96, 15.04, 3.04 ], "texture": "#main", "cullface": "up" }
			}
		},
		{
			"__comment": "Voxels-3C3C3C",
			"from": [ 4.5, 17.5, 7 ],
			"to": [ 6, 18.5, 7.5 ],
			"faces": {
				"down": { "uv": [ 12.96, 0.96, 15.04, 3.04 ], "texture": "#main", "cullface": "up" },
				"up": { "uv": [ 12.96, 0.96, 15.04, 3.04 ], "texture": "#main", "cullface": "up" },
				"north": { "uv": [ 12.96, 0.96, 15.04, 3.04 ], "texture": "#main", "cullface": "up" },
				"west": { "uv": [ 12.96, 0.96, 15.04, 3.04 ], "texture": "#main", "cullface": "up" },
				"east": { "uv": [ 12.96, 0.96, 15.04, 3.04 ], "texture": "#main", "cullface": "up" }
			}
		},
		{
			"__comment": "Voxels-3C3C3C",
			"from": [ 4.5, 17.5, 8.5 ],
			"to": [ 6, 18.5, 9 ],
			"faces": {
				"down": { "uv": [ 12.96, 0.96, 15.04, 3.04 ], "texture": "#main", "cullface": "up" },
				"up": { "uv": [ 12.96, 0.96, 15.04, 3.04 ], "texture": "#main", "cullface": "up" },
				"south": { "uv": [ 12.96, 0.96, 15.04, 3.04 ], "texture": "#main", "cullface": "up" },
				"west": { "uv": [ 12.96, 0.96, 15.04, 3.04 ], "texture": "#main", "cullface": "up" },
				"east": { "uv": [ 12.96, 0.96, 15.04, 3.04 ], "texture": "#main", "cullface": "up" }
			}
		},
		{
			"__comment": "Voxels-AAAAAA",
			"from": [ 5, -0.5, 5.5 ],
			"to": [ 11, 0, 6 ],
			"faces": {
				"down": { "uv": [ 12.96, 4.96, 15.04, 7.04 ], "texture": "#main", "cullface": "down" },
				"north": { "uv": [ 12.96, 4.96, 15.04, 7.04 ], "texture": "#main", "cullface": "down" },
				"west": { "uv": [ 12.96, 4.96, 15.04, 7.04 ], "texture": "#main", "cullface": "down" },
				"east": { "uv": [ 12.96, 4.96, 15.04, 7.04 ], "texture": "#main", "cullface": "down" }
			}
		},
		{
			"__comment": "Voxels-AAAAAA",
			"from": [ 5, -0.5, 10 ],
			"to": [ 11, 0, 10.5 ],
			"faces": {
				"down": { "uv": [ 12.96, 4.96, 15.04, 7.04 ], "texture": "#main", "cullface": "down" },
				"south": { "uv": [ 12.96, 4.96, 15.04, 7.04 ], "texture": "#main", "cullface": "down" },
				"west": { "uv": [ 12.96, 4.96, 15.04, 7.04 ], "texture": "#main", "cullface": "down" },
				"east": { "uv": [ 12.96, 4.96, 15.04, 7.04 ], "texture": "#main", "cullface": "down" }
			}
		},
		{
			"__comment": "Voxels-1B1B1B",
			"from": [ 5, 0, 5 ],
			"to": [ 11, 2.5, 5.5 ],
			"faces": {
				"down": { "uv": [ 4.96, 0.96, 7.04, 3.04 ], "texture": "#main", "cullface": "down" },
				"up": { "uv": [ 4.96, 0.96, 7.04, 3.04 ], "texture": "#main" },
				"north": { "uv": [ 4.96, 0.96, 7.04, 3.04 ], "texture": "#main" },
				"west": { "uv": [ 4.96, 0.96, 7.04, 3.04 ], "texture": "#main" },
				"east": { "uv": [ 4.96, 0.96, 7.04, 3.04 ], "texture": "#main" }
			}
		},
		{
			"__comment": "Voxels-1B1B1B",
			"from": [ 5, 0, 10.5 ],
			"to": [ 11, 2.5, 11 ],
			"faces": {
				"down": { "uv": [ 4.96, 0.96, 7.04, 3.04 ], "texture": "#main", "cullface": "down" },
				"up": { "uv": [ 4.96, 0.96, 7.04, 3.04 ], "texture": "#main" },
				"south": { "uv": [ 4.96, 0.96, 7.04, 3.04 ], "texture": "#main" },
				"west": { "uv": [ 4.96, 0.96, 7.04, 3.04 ], "texture": "#main" },
				"east": { "uv": [ 4.96, 0.96, 7.04, 3.04 ], "texture": "#main" }
			}
		},
		{
			"__comment": "Voxels-B7B700",
			"from": [ 5, 2.5, 5.5 ],
			"to": [ 11, 14, 6 ],
			"faces": {
				"up": { "uv": [ 8.96, 0.96, 11.04, 3.04 ], "texture": "#main" },
				"north": { "uv": [ 8.96, 0.96, 11.04, 3.04 ], "texture": "#main" },
				"west": { "uv": [ 8.96, 0.96, 11.04, 3.04 ], "texture": "#main" },
				"east": { "uv": [ 8.96, 0.96, 11.04, 3.04 ], "texture": "#main" }
			}
		},
		{
			"__comment": "Voxels-B7B700",
			"from": [ 5, 2.5, 10 ],
			"to": [ 11, 14, 10.5 ],
			"faces": {
				"up": { "uv": [ 8.96, 0.96, 11.04, 3.04 ], "texture": "#main" },
				"south": { "uv": [ 8.96, 0.96, 11.04, 3.04 ], "texture": "#main" },
				"west": { "uv": [ 8.96, 0.96, 11.04, 3.04 ], "texture": "#main" },
				"east": { "uv": [ 8.96, 0.96, 11.04, 3.04 ], "texture": "#main" }
			}
		},
		{
			"__comment": "Voxels-B7B700",
			"from": [ 5, 14, 6 ],
			"to": [ 11, 14.5, 7 ],
			"faces": {
				"up": { "uv": [ 8.96, 0.96, 11.04, 3.04 ], "texture": "#main" },
				"north": { "uv": [ 8.96, 0.96, 11.04, 3.04 ], "texture": "#main" },
				"west": { "uv": [ 8.96, 0.96, 11.04, 3.04 ], "texture": "#main" },
				"east": { "uv": [ 8.96, 0.96, 11.04, 3.04 ], "texture": "#main" }
			}
		},
		{
			"__comment": "Voxels-B7B700",
			"from": [ 5, 14, 9 ],
			"to": [ 11, 14.5, 10 ],
			"faces": {
				"up": { "uv": [ 8.96, 0.96, 11.04, 3.04 ], "texture": "#main" },
				"south": { "uv": [ 8.96, 0.96, 11.04, 3.04 ], "texture": "#main" },
				"west": { "uv": [ 8.96, 0.96, 11.04, 3.04 ], "texture": "#main" },
				"east": { "uv": [ 8.96, 0.96, 11.04, 3.04 ], "texture": "#main" }
			}
		},
		{
			"__comment": "Voxels-B7B700",
			"from": [ 5, 14.5, 7 ],
			"to": [ 11, 15, 9 ],
			"faces": {
				"up": { "uv": [ 8.96, 0.96, 11.04, 3.04 ], "texture": "#main" },
				"north": { "uv": [ 8.96, 0.96, 11.04, 3.04 ], "texture": "#main" },
				"south": { "uv": [ 8.96, 0.96, 11.04, 3.04 ], "texture": "#main" },
				"west": { "uv": [ 8.96, 0.96, 11.04, 3.04 ], "texture": "#main" },
				"east": { "uv": [ 8.96, 0.96, 11.04, 3.04 ], "texture": "#main" }
			}
		},
		{
			"__comment": "Voxels-3C3C3C",
			"from": [ 5, 16.5, 7.5 ],
			"to": [ 5.5, 17, 8.5 ],
			"faces": {
				"down": { "uv": [ 12.96, 0.96, 15.04, 3.04 ], "texture": "#main", "cullface": "up" },
				"north": { "uv": [ 12.96, 0.96, 15.04, 3.04 ], "texture": "#main", "cullface": "up" },
				"south": { "uv": [ 12.96, 0.96, 15.04, 3.04 ], "texture": "#main", "cullface": "up" },
				"west": { "uv": [ 12.96, 0.96, 15.04, 3.04 ], "texture": "#main", "cullface": "up" },
				"east": { "uv": [ 12.96, 0.96, 15.04, 3.04 ], "texture": "#main", "cullface": "up" }
			}
		},
		{
			"__comment": "Voxels-3C3C3C",
			"from": [ 5, 17, 7 ],
			"to": [ 5.5, 17.5, 7.5 ],
			"faces": {
				"down": { "uv": [ 12.96, 0.96, 15.04, 3.04 ], "texture": "#main", "cullface": "up" },
				"north": { "uv": [ 12.96, 0.96, 15.04, 3.04 ], "texture": "#main", "cullface": "up" },
				"west": { "uv": [ 12.96, 0.96, 15.04, 3.04 ], "texture": "#main", "cullface": "up" },
				"east": { "uv": [ 12.96, 0.96, 15.04, 3.04 ], "texture": "#main", "cullface": "up" }
			}
		},
		{
			"__comment": "Voxels-3C3C3C",
			"from": [ 5, 17, 8.5 ],
			"to": [ 5.5, 17.5, 9 ],
			"faces": {
				"down": { "uv": [ 12.96, 0.96, 15.04, 3.04 ], "texture": "#main", "cullface": "up" },
				"south": { "uv": [ 12.96, 0.96, 15.04, 3.04 ], "texture": "#main", "cullface": "up" },
				"west": { "uv": [ 12.96, 0.96, 15.04, 3.04 ], "texture": "#main", "cullface": "up" },
				"east": { "uv": [ 12.96, 0.96, 15.04, 3.04 ], "texture": "#main", "cullface": "up" }
			}
		},
		{
			"__comment": "Voxels-3C3C3C",
			"from": [ 5, 17.5, 6.5 ],
			"to": [ 5.5, 18.5, 7 ],
			"faces": {
				"down": { "uv": [ 12.96, 0.96, 15.04, 3.04 ], "texture": "#main", "cullface": "up" },
				"up": { "uv": [ 12.96, 0.96, 15.04, 3.04 ], "texture": "#main", "cullface": "up" },
				"north": { "uv": [ 12.96, 0.96, 15.04, 3.04 ], "texture": "#main", "cullface": "up" },
				"west": { "uv": [ 12.96, 0.96, 15.04, 3.04 ], "texture": "#main", "cullface": "up" },
				"east": { "uv": [ 12.96, 0.96, 15.04, 3.04 ], "texture": "#main", "cullface": "up" }
			}
		},
		{
			"__comment": "Voxels-3C3C3C",
			"from": [ 5, 17.5, 9 ],
			"to": [ 5.5, 18.5, 9.5 ],
			"faces": {
				"down": { "uv": [ 12.96, 0.96, 15.04, 3.04 ], "texture": "#main", "cullface": "up" },
				"up": { "uv": [ 12.96, 0.96, 15.04, 3.04 ], "texture": "#main", "cullface": "up" },
				"south": { "uv": [ 12.96, 0.96, 15.04, 3.04 ], "texture": "#main", "cullface": "up" },
				"west": { "uv": [ 12.96, 0.96, 15.04, 3.04 ], "texture": "#main", "cullface": "up" },
				"east": { "uv": [ 12.96, 0.96, 15.04, 3.04 ], "texture": "#main", "cullface": "up" }
			}
		},
		{
			"__comment": "Voxels-3C3C3C",
			"from": [ 5, 18.5, 7 ],
			"to": [ 5.5, 19, 7.5 ],
			"faces": {
				"up": { "uv": [ 12.96, 0.96, 15.04, 3.04 ], "texture": "#main", "cullface": "up" },
				"north": { "uv": [ 12.96, 0.96, 15.04, 3.04 ], "texture": "#main", "cullface": "up" },
				"west": { "uv": [ 12.96, 0.96, 15.04, 3.04 ], "texture": "#main", "cullface": "up" },
				"east": { "uv": [ 12.96, 0.96, 15.04, 3.04 ], "texture": "#main", "cullface": "up" }
			}
		},
		{
			"__comment": "Voxels-3C3C3C",
			"from": [ 5, 18.5, 8.5 ],
			"to": [ 5.5, 19, 9 ],
			"faces": {
				"up": { "uv": [ 12.96, 0.96, 15.04, 3.04 ], "texture": "#main", "cullface": "up" },
				"south": { "uv": [ 12.96, 0.96, 15.04, 3.04 ], "texture": "#main", "cullface": "up" },
				"west": { "uv": [ 12.96, 0.96, 15.04, 3.04 ], "texture": "#main", "cullface": "up" },
				"east": { "uv": [ 12.96, 0.96, 15.04, 3.04 ], "texture": "#main", "cullface": "up" }
			}
		},
		{
			"__comment": "Voxels-3C3C3C",
			"from": [ 5, 19, 7.5 ],
			"to": [ 5.5, 19.5, 8.5 ],
			"faces": {
				"up": { "uv": [ 12.96, 0.96, 15.04, 3.04 ], "texture": "#main", "cullface": "up" },
				"north": { "uv": [ 12.96, 0.96, 15.04, 3.04 ], "texture": "#main", "cullface": "up" },
				"south": { "uv": [ 12.96, 0.96, 15.04, 3.04 ], "texture": "#main", "cullface": "up" },
				"west": { "uv": [ 12.96, 0.96, 15.04, 3.04 ], "texture": "#main", "cullface": "up" },
				"east": { "uv": [ 12.96, 0.96, 15.04, 3.04 ], "texture": "#main", "cullface": "up" }
			}
		},
		{
			"__comment": "Voxels-AAAAAA",
			"from": [ 5.5, -0.5, 5 ],
			"to": [ 10.5, 0, 5.5 ],
			"faces": {
				"down": { "uv": [ 12.96, 4.96, 15.04, 7.04 ], "texture": "#main", "cullface": "down" },
				"north": { "uv": [ 12.96, 4.96, 15.04, 7.04 ], "texture": "#main", "cullface": "down" },
				"west": { "uv": [ 12.96, 4.96, 15.04, 7.04 ], "texture": "#main", "cullface": "down" },
				"east": { "uv": [ 12.96, 4.96, 15.04, 7.04 ], "texture": "#main", "cullface": "down" }
			}
		},
		{
			"__comment": "Voxels-AAAAAA",
			"from": [ 5.5, -0.5, 10.5 ],
			"to": [ 10.5, 0, 11 ],
			"faces": {
				"down": { "uv": [ 12.96, 4.96, 15.04, 7.04 ], "texture": "#main", "cullface": "down" },
				"south": { "uv": [ 12.96, 4.96, 15.04, 7.04 ], "texture": "#main", "cullface": "down" },
				"west": { "uv": [ 12.96, 4.96, 15.04, 7.04 ], "texture": "#main", "cullface": "down" },
				"east": { "uv": [ 12.96, 4.96, 15.04, 7.04 ], "texture": "#main", "cullface": "down" }
			}
		},
		{
			"__comment": "Voxels-1B1B1B",
			"from": [ 5.5, 0, 4.5 ],
			"to": [ 10.5, 2.5, 5 ],
			"faces": {
				"down": { "uv": [ 4.96, 0.96, 7.04, 3.04 ], "texture": "#main", "cullface": "down" },
				"up": { "uv": [ 4.96, 0.96, 7.04, 3.04 ], "texture": "#main" },
				"north": { "uv": [ 4.96, 0.96, 7.04, 3.04 ], "texture": "#main" },
				"west": { "uv": [ 4.96, 0.96, 7.04, 3.04 ], "texture": "#main" },
				"east": { "uv": [ 4.96, 0.96, 7.04, 3.04 ], "texture": "#main" }
			}
		},
		{
			"__comment": "Voxels-1B1B1B",
			"from": [ 5.5, 0, 11 ],
			"to": [ 10.5, 2.5, 11.5 ],
			"faces": {
				"down": { "uv": [ 4.96, 0.96, 7.04, 3.04 ], "texture": "#main", "cullface": "down" },
				"up": { "uv": [ 4.96, 0.96, 7.04, 3.04 ], "texture": "#main" },
				"south": { "uv": [ 4.96, 0.96, 7.04, 3.04 ], "texture": "#main" },
				"west": { "uv": [ 4.96, 0.96, 7.04, 3.04 ], "texture": "#main" },
				"east": { "uv": [ 4.96, 0.96, 7.04, 3.04 ], "texture": "#main" }
			}
		},
		{
			"__comment": "Voxels-B7B700",
			"from": [ 5.5, 2.5, 5 ],
			"to": [ 10.5, 14, 5.5 ],
			"faces": {
				"up": { "uv": [ 8.96, 0.96, 11.04, 3.04 ], "texture": "#main" },
				"north": { "uv": [ 8.96, 0.96, 11.04, 3.04 ], "texture": "#main" },
				"west": { "uv": [ 8.96, 0.96, 11.04, 3.04 ], "texture": "#main" },
				"east": { "uv": [ 8.96, 0.96, 11.04, 3.04 ], "texture": "#main" }
			}
		},
		{
			"__comment": "Voxels-B7B700",
			"from": [ 5.5, 2.5, 10.5 ],
			"to": [ 10.5, 14, 11 ],
			"faces": {
				"up": { "uv": [ 8.96, 0.96, 11.04, 3.04 ], "texture": "#main" },
				"south": { "uv": [ 8.96, 0.96, 11.04, 3.04 ], "texture": "#main" },
				"west": { "uv": [ 8.96, 0.96, 11.04, 3.04 ], "texture": "#main" },
				"east": { "uv": [ 8.96, 0.96, 11.04, 3.04 ], "texture": "#main" }
			}
		},
		{
			"__comment": "Voxels-B7B700",
			"from": [ 5.5, 14, 5.5 ],
			"to": [ 10.5, 14.5, 6 ],
			"faces": {
				"up": { "uv": [ 8.96, 0.96, 11.04, 3.04 ], "texture": "#main" },
				"north": { "uv": [ 8.96, 0.96, 11.04, 3.04 ], "texture": "#main" },
				"west": { "uv": [ 8.96, 0.96, 11.04, 3.04 ], "texture": "#main" },
				"east": { "uv": [ 8.96, 0.96, 11.04, 3.04 ], "texture": "#main" }
			}
		},
		{
			"__comment": "Voxels-B7B700",
			"from": [ 5.5, 14, 10 ],
			"to": [ 10.5, 14.5, 10.5 ],
			"faces": {
				"up": { "uv": [ 8.96, 0.96, 11.04, 3.04 ], "texture": "#main" },
				"south": { "uv": [ 8.96, 0.96, 11.04, 3.04 ], "texture": "#main" },
				"west": { "uv": [ 8.96, 0.96, 11.04, 3.04 ], "texture": "#main" },
				"east": { "uv": [ 8.96, 0.96, 11.04, 3.04 ], "texture": "#main" }
			}
		},
		{
			"__comment": "Voxels-B7B700",
			"from": [ 5.5, 14.5, 6 ],
			"to": [ 10.5, 15, 7 ],
			"faces": {
				"up": { "uv": [ 8.96, 0.96, 11.04, 3.04 ], "texture": "#main" },
				"north": { "uv": [ 8.96, 0.96, 11.04, 3.04 ], "texture": "#main" },
				"west": { "uv": [ 8.96, 0.96, 11.04, 3.04 ], "texture": "#main" },
				"east": { "uv": [ 8.96, 0.96, 11.04, 3.04 ], "texture": "#main" }
			}
		},
		{
			"__comment": "Voxels-B7B700",
			"from": [ 5.5, 14.5, 9 ],
			"to": [ 10.5, 15, 10 ],
			"faces": {
				"up": { "uv": [ 8.96, 0.96, 11.04, 3.04 ], "texture": "#main" },
				"south": { "uv": [ 8.96, 0.96, 11.04, 3.04 ], "texture": "#main" },
				"west": { "uv": [ 8.96, 0.96, 11.04, 3.04 ], "texture": "#main" },
				"east": { "uv": [ 8.96, 0.96, 11.04, 3.04 ], "texture": "#main" }
			}
		},
		{
			"__comment": "Voxels-B7B700",
			"from": [ 5.5, 15, 7 ],
			"to": [ 10.5, 15.5, 9 ],
			"faces": {
				"up": { "uv": [ 8.96, 0.96, 11.04, 3.04 ], "texture": "#main" },
				"north": { "uv": [ 8.96, 0.96, 11.04, 3.04 ], "texture": "#main" },
				"south": { "uv": [ 8.96, 0.96, 11.04, 3.04 ], "texture": "#main" },
				"west": { "uv": [ 8.96, 0.96, 11.04, 3.04 ], "texture": "#main" },
				"east": { "uv": [ 8.96, 0.96, 11.04, 3.04 ], "texture": "#main" }
			}
		},
		{
			"__comment": "Voxels-AAAAAA",
			"from": [ 6, -0.5, 4.5 ],
			"to": [ 10, 0, 5 ],
			"faces": {
				"down": { "uv": [ 12.96, 4.96, 15.04, 7.04 ], "texture": "#main", "cullface": "down" },
				"north": { "uv": [ 12.96, 4.96, 15.04, 7.04 ], "texture": "#main", "cullface": "down" },
				"west": { "uv": [ 12.96, 4.96, 15.04, 7.04 ], "texture": "#main", "cullface": "down" },
				"east": { "uv": [ 12.96, 4.96, 15.04, 7.04 ], "texture": "#main", "cullface": "down" }
			}
		},
		{
			"__comment": "Voxels-AAAAAA",
			"from": [ 6, -0.5, 11 ],
			"to": [ 10, 0, 11.5 ],
			"faces": {
				"down": { "uv": [ 12.96, 4.96, 15.04, 7.04 ], "texture": "#main", "cullface": "down" },
				"south": { "uv": [ 12.96, 4.96, 15.04, 7.04 ], "texture": "#main", "cullface": "down" },
				"west": { "uv": [ 12.96, 4.96, 15.04, 7.04 ], "texture": "#main", "cullface": "down" },
				"east": { "uv": [ 12.96, 4.96, 15.04, 7.04 ], "texture": "#main", "cullface": "down" }
			}
		},
		{
			"__comment": "Voxels-1B1B1B",
			"from": [ 6, 0, 4 ],
			"to": [ 10, 2.5, 4.5 ],
			"faces": {
				"down": { "uv": [ 4.96, 0.96, 7.04, 3.04 ], "texture": "#main", "cullface": "down" },
				"up": { "uv": [ 4.96, 0.96, 7.04, 3.04 ], "texture": "#main" },
				"north": { "uv": [ 4.96, 0.96, 7.04, 3.04 ], "texture": "#main" },
				"west": { "uv": [ 4.96, 0.96, 7.04, 3.04 ], "texture": "#main" },
				"east": { "uv": [ 4.96, 0.96, 7.04, 3.04 ], "texture": "#main" }
			}
		},
		{
			"__comment": "Voxels-1B1B1B",
			"from": [ 6, 0, 11.5 ],
			"to": [ 10, 2.5, 12 ],
			"faces": {
				"down": { "uv": [ 4.96, 0.96, 7.04, 3.04 ], "texture": "#main", "cullface": "down" },
				"up": { "uv": [ 4.96, 0.96, 7.04, 3.04 ], "texture": "#main" },
				"south": { "uv": [ 4.96, 0.96, 7.04, 3.04 ], "texture": "#main" },
				"west": { "uv": [ 4.96, 0.96, 7.04, 3.04 ], "texture": "#main" },
				"east": { "uv": [ 4.96, 0.96, 7.04, 3.04 ], "texture": "#main" }
			}
		},
		{
			"__comment": "Voxels-B7B700",
			"from": [ 6, 2.5, 4.5 ],
			"to": [ 10, 14, 5 ],
			"faces": {
				"up": { "uv": [ 8.96, 0.96, 11.04, 3.04 ], "texture": "#main" },
				"north": { "uv": [ 8.96, 0.96, 11.04, 3.04 ], "texture": "#main" },
				"west": { "uv": [ 8.96, 0.96, 11.04, 3.04 ], "texture": "#main" },
				"east": { "uv": [ 8.96, 0.96, 11.04, 3.04 ], "texture": "#main" }
			}
		},
		{
			"__comment": "Voxels-B7B700",
			"from": [ 6, 2.5, 11 ],
			"to": [ 10, 14, 11.5 ],
			"faces": {
				"up": { "uv": [ 8.96, 0.96, 11.04, 3.04 ], "texture": "#main" },
				"south": { "uv": [ 8.96, 0.96, 11.04, 3.04 ], "texture": "#main" },
				"west": { "uv": [ 8.96, 0.96, 11.04, 3.04 ], "texture": "#main" },
				"east": { "uv": [ 8.96, 0.96, 11.04, 3.04 ], "texture": "#main" }
			}
		},
		{
			"__comment": "Voxels-B7B700",
			"from": [ 6, 14, 5 ],
			"to": [ 10, 14.5, 5.5 ],
			"faces": {
				"up": { "uv": [ 8.96, 0.96, 11.04, 3.04 ], "texture": "#main" },
				"north": { "uv": [ 8.96, 0.96, 11.04, 3.04 ], "texture": "#main" },
				"west": { "uv": [ 8.96, 0.96, 11.04, 3.04 ], "texture": "#main" },
				"east": { "uv": [ 8.96, 0.96, 11.04, 3.04 ], "texture": "#main" }
			}
		},
		{
			"__comment": "Voxels-B7B700",
			"from": [ 6, 14, 10.5 ],
			"to": [ 10, 14.5, 11 ],
			"faces": {
				"up": { "uv": [ 8.96, 0.96, 11.04, 3.04 ], "texture": "#main" },
				"south": { "uv": [ 8.96, 0.96, 11.04, 3.04 ], "texture": "#main" },
				"west": { "uv": [ 8.96, 0.96, 11.04, 3.04 ], "texture": "#main" },
				"east": { "uv": [ 8.96, 0.96, 11.04, 3.04 ], "texture": "#main" }
			}
		},
		{
			"__comment": "Voxels-B7B700",
			"from": [ 6, 14.5, 5.5 ],
			"to": [ 10, 15, 6 ],
			"faces": {
				"up": { "uv": [ 8.96, 0.96, 11.04, 3.04 ], "texture": "#main" },
				"north": { "uv": [ 8.96, 0.96, 11.04, 3.04 ], "texture": "#main" },
				"west": { "uv": [ 8.96, 0.96, 11.04, 3.04 ], "texture": "#main" },
				"east": { "uv": [ 8.96, 0.96, 11.04, 3.04 ], "texture": "#main" }
			}
		},
		{
			"__comment": "Voxels-B7B700",
			"from": [ 6, 14.5, 10 ],
			"to": [ 10, 15, 10.5 ],
			"faces": {
				"up": { "uv": [ 8.96, 0.96, 11.04, 3.04 ], "texture": "#main" },
				"south": { "uv": [ 8.96, 0.96, 11.04, 3.04 ], "texture": "#main" },
				"west": { "uv": [ 8.96, 0.96, 11.04, 3.04 ], "texture": "#main" },
				"east": { "uv": [ 8.96, 0.96, 11.04, 3.04 ], "texture": "#main" }
			}
		},
		{
			"__comment": "Voxels-B7B700",
			"from": [ 6, 15, 6.5 ],
			"to": [ 10, 15.5, 7 ],
			"faces": {
				"up": { "uv": [ 8.96, 0.96, 11.04, 3.04 ], "texture": "#main" },
				"north": { "uv": [ 8.96, 0.96, 11.04, 3.04 ], "texture": "#main" },
				"west": { "uv": [ 8.96, 0.96, 11.04, 3.04 ], "texture": "#main" },
				"east": { "uv": [ 8.96, 0.96, 11.04, 3.04 ], "texture": "#main" }
			}
		},
		{
			"__comment": "Voxels-B7B700",
			"from": [ 6, 15, 9 ],
			"to": [ 10, 15.5, 9.5 ],
			"faces": {
				"up": { "uv": [ 8.96, 0.96, 11.04, 3.04 ], "texture": "#main" },
				"south": { "uv": [ 8.96, 0.96, 11.04, 3.04 ], "texture": "#main" },
				"west": { "uv": [ 8.96, 0.96, 11.04, 3.04 ], "texture": "#main" },
				"east": { "uv": [ 8.96, 0.96, 11.04, 3.04 ], "texture": "#main" }
			}
		},
		{
			"__comment": "Voxels-939393",
			"from": [ 6, 17.5, 7.5 ],
			"to": [ 10, 18.5, 8.5 ],
			"faces": {
				"down": { "uv": [ 0.96, 4.96, 3.04, 7.04 ], "texture": "#main", "cullface": "up" },
				"up": { "uv": [ 0.96, 4.96, 3.04, 7.04 ], "texture": "#main", "cullface": "up" },
				"north": { "uv": [ 0.96, 4.96, 3.04, 7.04 ], "texture": "#main", "cullface": "up" },
				"south": { "uv": [ 0.96, 4.96, 3.04, 7.04 ], "texture": "#main", "cullface": "up" }
			}
		},
		{
			"__comment": "Voxels-B7B700",
			"from": [ 6.5, 15, 6 ],
			"to": [ 9.5, 15.5, 6.5 ],
			"faces": {
				"up": { "uv": [ 8.96, 0.96, 11.04, 3.04 ], "texture": "#main" },
				"north": { "uv": [ 8.96, 0.96, 11.04, 3.04 ], "texture": "#main" },
				"west": { "uv": [ 8.96, 0.96, 11.04, 3.04 ], "texture": "#main" },
				"east": { "uv": [ 8.96, 0.96, 11.04, 3.04 ], "texture": "#main" }
			}
		},
		{
			"__comment": "Voxels-B7B700",
			"from": [ 6.5, 15, 9.5 ],
			"to": [ 9.5, 15.5, 10 ],
			"faces": {
				"up": { "uv": [ 8.96, 0.96, 11.04, 3.04 ], "texture": "#main" },
				"south": { "uv": [ 8.96, 0.96, 11.04, 3.04 ], "texture": "#main" },
				"west": { "uv": [ 8.96, 0.96, 11.04, 3.04 ], "texture": "#main" },
				"east": { "uv": [ 8.96, 0.96, 11.04, 3.04 ], "texture": "#main" }
			}
		},
		{
			"__comment": "Voxels-3C3C3C",
			"from": [ 6.5, 15.5, 7.5 ],
			"to": [ 9.5, 16, 8.5 ],
			"faces": {
				"up": { "uv": [ 12.96, 0.96, 15.04, 3.04 ], "texture": "#main", "cullface": "up" },
				"north": { "uv": [ 12.96, 0.96, 15.04, 3.04 ], "texture": "#main" },
				"south": { "uv": [ 12.96, 0.96, 15.04, 3.04 ], "texture": "#main" },
				"west": { "uv": [ 12.96, 0.96, 15.04, 3.04 ], "texture": "#main" },
				"east": { "uv": [ 12.96, 0.96, 15.04, 3.04 ], "texture": "#main" }
			}
		},
		{
			"__comment": "Voxels-B7B700",
			"from": [ 7, 14, 4.5 ],
			"to": [ 9, 14.5, 5 ],
			"faces": {
				"up": { "uv": [ 8.96, 0.96, 11.04, 3.04 ], "texture": "#main" },
				"north": { "uv": [ 8.96, 0.96, 11.04, 3.04 ], "texture": "#main" },
				"west": { "uv": [ 8.96, 0.96, 11.04, 3.04 ], "texture": "#main" },
				"east": { "uv": [ 8.96, 0.96, 11.04, 3.04 ], "texture": "#main" }
			}
		},
		{
			"__comment": "Voxels-B7B700",
			"from": [ 7, 14, 11 ],
			"to": [ 9, 14.5, 11.5 ],
			"faces": {
				"up": { "uv": [ 8.96, 0.96, 11.04, 3.04 ], "texture": "#main" },
				"south": { "uv": [ 8.96, 0.96, 11.04, 3.04 ], "texture": "#main" },
				"west": { "uv": [ 8.96, 0.96, 11.04, 3.04 ], "texture": "#main" },
				"east": { "uv": [ 8.96, 0.96, 11.04, 3.04 ], "texture": "#main" }
			}
		},
		{
			"__comment": "Voxels-B7B700",
			"from": [ 7, 14.5, 5 ],
			"to": [ 9, 15, 5.5 ],
			"faces": {
				"up": { "uv": [ 8.96, 0.96, 11.04, 3.04 ], "texture": "#main" },
				"north": { "uv": [ 8.96, 0.96, 11.04, 3.04 ], "texture": "#main" },
				"west": { "uv": [ 8.96, 0.96, 11.04, 3.04 ], "texture": "#main" },
				"east": { "uv": [ 8.96, 0.96, 11.04, 3.04 ], "texture": "#main" }
			}
		},
		{
			"__comment": "Voxels-B7B700",
			"from": [ 7, 14.5, 10.5 ],
			"to": [ 9, 15, 11 ],
			"faces": {
				"up": { "uv": [ 8.96, 0.96, 11.04, 3.04 ], "texture": "#main" },
				"south": { "uv": [ 8.96, 0.96, 11.04, 3.04 ], "texture": "#main" },
				"west": { "uv": [ 8.96, 0.96, 11.04, 3.04 ], "texture": "#main" },
				"east": { "uv": [ 8.96, 0.96, 11.04, 3.04 ], "texture": "#main" }
			}
		},
		{
			"__comment": "Voxels-B7B700",
			"from": [ 7, 15, 5.5 ],
			"to": [ 9, 15.5, 6 ],
			"faces": {
				"up": { "uv": [ 8.96, 0.96, 11.04, 3.04 ], "texture": "#main" },
				"north": { "uv": [ 8.96, 0.96, 11.04, 3.04 ], "texture": "#main" },
				"west": { "uv": [ 8.96, 0.96, 11.04, 3.04 ], "texture": "#main" },
				"east": { "uv": [ 8.96, 0.96, 11.04, 3.04 ], "texture": "#main" }
			}
		},
		{
			"__comment": "Voxels-B7B700",
			"from": [ 7, 15, 10 ],
			"to": [ 9, 15.5, 10.5 ],
			"faces": {
				"up": { "uv": [ 8.96, 0.96, 11.04, 3.04 ], "texture": "#main" },
				"south": { "uv": [ 8.96, 0.96, 11.04, 3.04 ], "texture": "#main" },
				"west": { "uv": [ 8.96, 0.96, 11.04, 3.04 ], "texture": "#main" },
				"east": { "uv": [ 8.96, 0.96, 11.04, 3.04 ], "texture": "#main" }
			}
		},
		{
			"__comment": "Voxels-3C3C3C",
			"from": [ 7, 15.5, 7 ],
			"to": [ 9, 16, 7.5 ],
			"faces": {
				"up": { "uv": [ 12.96, 0.96, 15.04, 3.04 ], "texture": "#main", "cullface": "up" },
				"north": { "uv": [ 12.96, 0.96, 15.04, 3.04 ], "texture": "#main" },
				"west": { "uv": [ 12.96, 0.96, 15.04, 3.04 ], "texture": "#main" },
				"east": { "uv": [ 12.96, 0.96, 15.04, 3.04 ], "texture": "#main" }
			}
		},
		{
			"__comment": "Voxels-3C3C3C",
			"from": [ 7, 15.5, 8.5 ],
			"to": [ 9, 16, 9 ],
			"faces": {
				"up": { "uv": [ 12.96, 0.96, 15.04, 3.04 ], "texture": "#main", "cullface": "up" },
				"south": { "uv": [ 12.96, 0.96, 15.04, 3.04 ], "texture": "#main" },
				"west": { "uv": [ 12.96, 0.96, 15.04, 3.04 ], "texture": "#main" },
				"east": { "uv": [ 12.96, 0.96, 15.04, 3.04 ], "texture": "#main" }
			}
		},
		{
			"__comment": "Voxels-666666",
			"from": [ 7, 16, 7.5 ],
			"to": [ 9, 16.5, 8.5 ],
			"faces": {
				"up": { "uv": [ 4.96, 4.96, 7.04, 7.04 ], "texture": "#main", "cullface": "up" },
				"north": { "uv": [ 4.96, 4.96, 7.04, 7.04 ], "texture": "#main", "cullface": "up" },
				"south": { "uv": [ 4.96, 4.96, 7.04, 7.04 ], "texture": "#main", "cullface": "up" },
				"west": { "uv": [ 4.96, 4.96, 7.04, 7.04 ], "texture": "#main", "cullface": "up" },
				"east": { "uv": [ 4.96, 4.96, 7.04, 7.04 ], "texture": "#main", "cullface": "up" }
			}
		},
		{
			"__comment": "Voxels-3C3C3C",
			"from": [ 7.5, 15.5, 6.5 ],
			"to": [ 8.5, 16, 7 ],
			"faces": {
				"up": { "uv": [ 12.96, 0.96, 15.04, 3.04 ], "texture": "#main", "cullface": "up" },
				"north": { "uv": [ 12.96, 0.96, 15.04, 3.04 ], "texture": "#main" },
				"west": { "uv": [ 12.96, 0.96, 15.04, 3.04 ], "texture": "#main" },
				"east": { "uv": [ 12.96, 0.96, 15.04, 3.04 ], "texture": "#main" }
			}
		},
		{
			"__comment": "Voxels-3C3C3C",
			"from": [ 7.5, 15.5, 9 ],
			"to": [ 8.5, 16, 9.5 ],
			"faces": {
				"up": { "uv": [ 12.96, 0.96, 15.04, 3.04 ], "texture": "#main", "cullface": "up" },
				"south": { "uv": [ 12.96, 0.96, 15.04, 3.04 ], "texture": "#main" },
				"west": { "uv": [ 12.96, 0.96, 15.04, 3.04 ], "texture": "#main" },
				"east": { "uv": [ 12.96, 0.96, 15.04, 3.04 ], "texture": "#main" }
			}
		},
		{
			"__comment": "Voxels-666666",
			"from": [ 7.5, 16, 7 ],
			"to": [ 8.5, 16.5, 7.5 ],
			"faces": {
				"up": { "uv": [ 4.96, 4.96, 7.04, 7.04 ], "texture": "#main", "cullface": "up" },
				"north": { "uv": [ 4.96, 4.96, 7.04, 7.04 ], "texture": "#main", "cullface": "up" },
				"west": { "uv": [ 4.96, 4.96, 7.04, 7.04 ], "texture": "#main", "cullface": "up" },
				"east": { "uv": [ 4.96, 4.96, 7.04, 7.04 ], "texture": "#main", "cullface": "up" }
			}
		},
		{
			"__comment": "Voxels-666666",
			"from": [ 7.5, 16, 8.5 ],
			"to": [ 8.5, 16.5, 9 ],
			"faces": {
				"up": { "uv": [ 4.96, 4.96, 7.04, 7.04 ], "texture": "#main", "cullface": "up" },
				"south": { "uv": [ 4.96, 4.96, 7.04, 7.04 ], "texture": "#main", "cullface": "up" },
				"west": { "uv": [ 4.96, 4.96, 7.04, 7.04 ], "texture": "#main", "cullface": "up" },
				"east": { "uv": [ 4.96, 4.96, 7.04, 7.04 ], "texture": "#main", "cullface": "up" }
			}
		},
		{
			"__comment": "Voxels-939393",
			"from": [ 7.5, 16.5, 7.5 ],
			"to": [ 8.5, 17.5, 8.5 ],
			"faces": {
				"north": { "uv": [ 0.96, 4.96, 3.04, 7.04 ], "texture": "#main", "cullface": "up" },
				"south": { "uv": [ 0.96, 4.96, 3.04, 7.04 ], "texture": "#main", "cullface": "up" },
				"west": { "uv": [ 0.96, 4.96, 3.04, 7.04 ], "texture": "#main", "cullface": "up" },
				"east": { "uv": [ 0.96, 4.96, 3.04, 7.04 ], "texture": "#main", "cullface": "up" }
			}
		},
		{
			"__comment": "Voxels-3C3C3C",
			"from": [ 10, 17, 7.5 ],
			"to": [ 11, 17.5, 8.5 ],
			"faces": {
				"down": { "uv": [ 12.96, 0.96, 15.04, 3.04 ], "texture": "#main", "cullface": "up" },
				"up": { "uv": [ 12.96, 0.96, 15.04, 3.04 ], "texture": "#main", "cullface": "up" },
				"north": { "uv": [ 12.96, 0.96, 15.04, 3.04 ], "texture": "#main", "cullface": "up" },
				"south": { "uv": [ 12.96, 0.96, 15.04, 3.04 ], "texture": "#main", "cullface": "up" },
				"west": { "uv": [ 12.96, 0.96, 15.04, 3.04 ], "texture": "#main", "cullface": "up" },
				"east": { "uv": [ 12.96, 0.96, 15.04, 3.04 ], "texture": "#main", "cullface": "up" }
			}
		},
		{
			"__comment": "Voxels-3C3C3C",
			"from": [ 10, 17.5, 7 ],
			"to": [ 11, 18.5, 7.5 ],
			"faces": {
				"down": { "uv": [ 12.96, 0.96, 15.04, 3.04 ], "texture": "#main", "cullface": "up" },
				"up": { "uv": [ 12.96, 0.96, 15.04, 3.04 ], "texture": "#main", "cullface": "up" },
				"north": { "uv": [ 12.96, 0.96, 15.04, 3.04 ], "texture": "#main", "cullface": "up" },
				"south": { "uv": [ 12.96, 0.96, 15.04, 3.04 ], "texture": "#main", "cullface": "up" },
				"west": { "uv": [ 12.96, 0.96, 15.04, 3.04 ], "texture": "#main", "cullface": "up" },
				"east": { "uv": [ 12.96, 0.96, 15.04, 3.04 ], "texture": "#main", "cullface": "up" }
			}
		},
		{
			"__comment": "Voxels-000000",
			"from": [ 10, 17.5, 7.5 ],
			"to": [ 10.5, 18.5, 8.5 ],
			"faces": {
				"east": { "uv": [ 8.96, 4.96, 11.04, 7.04 ], "texture": "#main", "cullface": "up" }
			}
		},
		{
			"__comment": "Voxels-3C3C3C",
			"from": [ 10, 17.5, 8.5 ],
			"to": [ 11, 18.5, 9 ],
			"faces": {
				"down": { "uv": [ 12.96, 0.96, 15.04, 3.04 ], "texture": "#main", "cullface": "up" },
				"up": { "uv": [ 12.96, 0.96, 15.04, 3.04 ], "texture": "#main", "cullface": "up" },
				"north": { "uv": [ 12.96, 0.96, 15.04, 3.04 ], "texture": "#main", "cullface": "up" },
				"south": { "uv": [ 12.96, 0.96, 15.04, 3.04 ], "texture": "#main", "cullface": "up" },
				"west": { "uv": [ 12.96, 0.96, 15.04, 3.04 ], "texture": "#main", "cullface": "up" },
				"east": { "uv": [ 12.96, 0.96, 15.04, 3.04 ], "texture": "#main", "cullface": "up" }
			}
		},
		{
			"__comment": "Voxels-3C3C3C",
			"from": [ 10, 18.5, 7.5 ],
			"to": [ 11, 19, 8.5 ],
			"faces": {
				"down": { "uv": [ 12.96, 0.96, 15.04, 3.04 ], "texture": "#main", "cullface": "up" },
				"up": { "uv": [ 12.96, 0.96, 15.04, 3.04 ], "texture": "#main", "cullface": "up" },
				"north": { "uv": [ 12.96, 0.96, 15.04, 3.04 ], "texture": "#main", "cullface": "up" },
				"south": { "uv": [ 12.96, 0.96, 15.04, 3.04 ], "texture": "#main", "cullface": "up" },
				"west": { "uv": [ 12.96, 0.96, 15.04, 3.04 ], "texture": "#main", "cullface": "up" },
				"east": { "uv": [ 12.96, 0.96, 15.04, 3.04 ], "texture": "#main", "cullface": "up" }
			}
		}
	],
	"display": {
		"thirdperson_righthand": {
			"rotation":  [ 30, -75, 0 ],
			"translation":  [ -0.885, 0.6195, -1.271 ],
			"scale":  [ -0.65, 0.65, 0.65 ]
		},
		"thirdperson_lefthand": {
			"rotation":  [ 30, -75, 0 ],
			"translation":  [ -0.885, 0.6195, -1.271 ],
			"scale":  [ 0.65, 0.65, 0.65 ]
		},
		"firstperson_righthand": {
			"rotation":  [ 35, -75, 0 ],
			"translation":  [ -0.404, 1.2065, 0 ],
			"scale":  [ -0.45, 0.45, 0.45 ]
		},
		"firstperson_lefthand": {
			"rotation":  [ 35, -75, 0 ],
			"translation":  [ -0.404, 1.2065, 0 ],
			"scale":  [ 0.45, 0.45, 0.45 ]
		},
		"gui": {
			"rotation":  [ 15, 15, 0 ],
			"translation":  [ 0, -0.5, 0 ],
			"scale":  [ 0.65, 0.65, 0.65 ]
		},
		"head": {
			"translation":  [ 0, 17.834, 0 ]
		},
		"ground": {
			"rotation":  [ 45, 0, 0 ],
			"translation":  [ 0, 12, 0 ],
			"scale":  [ 0.65, 0.65, 0.65 ]
		},
		"fixed": {
			"translation":  [ 0, -1, -3 ],
			"scale":  [ 0.7, 0.7, 0.7 ]
		}
	}
}