{
	"parent": "item/handheld",
	"textures": {
		"layer0": "items/diamond_shovel"
	},
	"overrides": [
		{ "predicate": {"damaged": 0, "damage": 0}, "model": "item/diamond_shovel"},
		{ "_cmd_": "give @p minecraft:diamond_shovel 1 1 {Unbreakable:1}" , "predicate": {"damaged": 0, "damage": 0.00064020486}, "model": "item/nubx/land/gti/default/gti_default"},
		{ "_cmd_": "give @p minecraft:diamond_shovel 1 2 {Unbreakable:1}" , "predicate": {"damaged": 0, "damage": 0.00128040973}, "model": "item/nubx/land/gti/colors/gti_black"},
		{ "_cmd_": "give @p minecraft:diamond_shovel 1 3 {Unbreakable:1}" , "predicate": {"damaged": 0, "damage": 0.00192061459}, "model": "item/nubx/land/gti/colors/gti_white"},
		{ "_cmd_": "give @p minecraft:diamond_shovel 1 4 {Unbreakable:1}" , "predicate": {"damaged": 0, "damage": 0.00256081946}, "model": "item/nubx/land/gti/colors/gti_red"},
		{ "_cmd_": "give @p minecraft:diamond_shovel 1 5 {Unbreakable:1}" , "predicate": {"damaged": 0, "damage": 0.00320102432}, "model": "item/nubx/land/gti/colors/gti_orange"},
		{ "_cmd_": "give @p minecraft:diamond_shovel 1 6 {Unbreakable:1}" , "predicate": {"damaged": 0, "damage": 0.00384122919}, "model": "item/nubx/land/gti/colors/gti_gold"},
		{ "_cmd_": "give @p minecraft:diamond_shovel 1 7 {Unbreakable:1}" , "predicate": {"damaged": 0, "damage": 0.00448143405}, "model": "item/nubx/land/gti/colors/gti_yellow"},
		{ "_cmd_": "give @p minecraft:diamond_shovel 1 8 {Unbreakable:1}" , "predicate": {"damaged": 0, "damage": 0.00512163892}, "model": "item/nubx/land/gti/colors/gti_green"},
		{ "_cmd_": "give @p minecraft:diamond_shovel 1 9 {Unbreakable:1}" , "predicate": {"damaged": 0, "damage": 0.00576184379}, "model": "item/nubx/land/gti/colors/gti_blue"},
		{ "_cmd_": "give @p minecraft:diamond_shovel 1 10 {Unbreakable:1}" ,"predicate": {"damaged": 0, "damage": 0.00640204865}, "model": "item/nubx/land/gti/colors/gti_purple"},
		{ "_cmd_": "give @p minecraft:diamond_shovel 1 11 {Unbreakable:1}" ,"predicate": {"damaged": 0, "damage": 0.00704225352}, "model": "item/nubx/land/gti/colors/gti_pink"},
		
		{ "_cmd_": "give @p minecraft:diamond_shovel 1 12 {Unbreakable:1}" ,"predicate": {"damaged": 0, "damage": 0.00768245838}, "model": "item/nubx/land/lambo/default/lambo_default"},
		{ "_cmd_": "give @p minecraft:diamond_shovel 1 13 {Unbreakable:1}" ,"predicate": {"damaged": 0, "damage": 0.00832266325}, "model": "item/nubx/land/lambo/colors/lambo_black"},
		{ "_cmd_": "give @p minecraft:diamond_shovel 1 14 {Unbreakable:1}" ,"predicate": {"damaged": 0, "damage": 0.00896286811}, "model": "item/nubx/land/lambo/colors/lambo_white"},
		{ "_cmd_": "give @p minecraft:diamond_shovel 1 15 {Unbreakable:1}" ,"predicate": {"damaged": 0, "damage": 0.00960307298}, "model": "item/nubx/land/lambo/colors/lambo_red"},
		{ "_cmd_": "give @p minecraft:diamond_shovel 1 16 {Unbreakable:1}" ,"predicate": {"damaged": 0, "damage": 0.01024327784}, "model": "item/nubx/land/lambo/colors/lambo_orange"},
		{ "_cmd_": "give @p minecraft:diamond_shovel 1 17 {Unbreakable:1}" ,"predicate": {"damaged": 0, "damage": 0.01088348271}, "model": "item/nubx/land/lambo/colors/lambo_gold"},
		{ "_cmd_": "give @p minecraft:diamond_shovel 1 18 {Unbreakable:1}" ,"predicate": {"damaged": 0, "damage": 0.01152368758}, "model": "item/nubx/land/lambo/colors/lambo_yellow"},
		{ "_cmd_": "give @p minecraft:diamond_shovel 1 19 {Unbreakable:1}","predicate": {"damaged": 0, "damage": 0.01216389244}, "model": "item/nubx/land/lambo/colors/lambo_green"},
		{ "_cmd_": "give @p minecraft:diamond_shovel 1 20 {Unbreakable:1}","predicate": {"damaged": 0, "damage": 0.01280409731}, "model": "item/nubx/land/lambo/colors/lambo_blue"},
		{ "_cmd_": "give @p minecraft:diamond_shovel 1 21 {Unbreakable:1}","predicate": {"damaged": 0, "damage": 0.01344430217}, "model": "item/nubx/land/lambo/colors/lambo_purple"},
		{ "_cmd_": "give @p minecraft:diamond_shovel 1 22 {Unbreakable:1}","predicate": {"damaged": 0, "damage": 0.01408450704}, "model": "item/nubx/land/lambo/colors/lambo_pink"},
		
		{ "_cmd_": "give @p minecraft:diamond_shovel 1 23 {Unbreakable:1}","predicate": {"damaged": 0, "damage": 0.01472471190}, "model": "item/nubx/sea/boat/default/boat_default"},
		{ "_cmd_": "give @p minecraft:diamond_shovel 1 24 {Unbreakable:1}","predicate": {"damaged": 0, "damage": 0.01536491677}, "model": "item/nubx/sea/boat/colors/boat_black"},
		{ "_cmd_": "give @p minecraft:diamond_shovel 1 25 {Unbreakable:1}","predicate": {"damaged": 0, "damage": 0.01600512163}, "model": "item/nubx/sea/boat/colors/boat_white"},
		{ "_cmd_": "give @p minecraft:diamond_shovel 1 26 {Unbreakable:1}","predicate": {"damaged": 0, "damage": 0.01664532650}, "model": "item/nubx/sea/boat/colors/boat_red"},
		{ "_cmd_": "give @p minecraft:diamond_shovel 1 27 {Unbreakable:1}","predicate": {"damaged": 0, "damage": 0.01728553137}, "model": "item/nubx/sea/boat/colors/boat_orange"},
		{ "_cmd_": "give @p minecraft:diamond_shovel 1 28 {Unbreakable:1}","predicate": {"damaged": 0, "damage": 0.01792573623}, "model": "item/nubx/sea/boat/colors/boat_gold"},
		{ "_cmd_": "give @p minecraft:diamond_shovel 1 29 {Unbreakable:1}","predicate": {"damaged": 0, "damage": 0.01856594110}, "model": "item/nubx/sea/boat/colors/boat_yellow"},
		{ "_cmd_": "give @p minecraft:diamond_shovel 1 30 {Unbreakable:1}","predicate": {"damaged": 0, "damage": 0.01920614596}, "model": "item/nubx/sea/boat/colors/boat_green"},
		{ "_cmd_": "give @p minecraft:diamond_shovel 1 31 {Unbreakable:1}","predicate": {"damaged": 0, "damage": 0.01984635083}, "model": "item/nubx/sea/boat/colors/boat_blue"},
		{ "_cmd_": "give @p minecraft:diamond_shovel 1 32 {Unbreakable:1}","predicate": {"damaged": 0, "damage": 0.02048655569}, "model": "item/nubx/sea/boat/colors/boat_purple"},
		{ "_cmd_": "give @p minecraft:diamond_shovel 1 33 {Unbreakable:1}","predicate": {"damaged": 0, "damage": 0.02112676056}, "model": "item/nubx/sea/boat/colors/boat_pink"},
		
		{ "_cmd_": "give @p minecraft:diamond_shovel 1 34 {Unbreakable:1}","predicate": {"damaged": 0, "damage": 0.02176696542}, "model": "item/nubx/air/helicopter/default/helicopter_default"},
		{ "_cmd_": "give @p minecraft:diamond_shovel 1 35 {Unbreakable:1}","predicate": {"damaged": 0, "damage": 0.02240717029}, "model": "item/nubx/air/helicopter/colors/helicopter_black"},
		{ "_cmd_": "give @p minecraft:diamond_shovel 1 36 {Unbreakable:1}","predicate": {"damaged": 0, "damage": 0.02304737516}, "model": "item/nubx/air/helicopter/colors/helicopter_white"},
		{ "_cmd_": "give @p minecraft:diamond_shovel 1 37 {Unbreakable:1}","predicate": {"damaged": 0, "damage": 0.02368758002}, "model": "item/nubx/air/helicopter/colors/helicopter_red"},
		{ "_cmd_": "give @p minecraft:diamond_shovel 1 38 {Unbreakable:1}","predicate": {"damaged": 0, "damage": 0.02432778489}, "model": "item/nubx/air/helicopter/colors/helicopter_orange"},
		{ "_cmd_": "give @p minecraft:diamond_shovel 1 39 {Unbreakable:1}","predicate": {"damaged": 0, "damage": 0.02496798975}, "model": "item/nubx/air/helicopter/colors/helicopter_gold"},
		{ "_cmd_": "give @p minecraft:diamond_shovel 1 40 {Unbreakable:1}","predicate": {"damaged": 0, "damage": 0.02560819462}, "model": "item/nubx/air/helicopter/colors/helicopter_yellow"},
		{ "_cmd_": "give @p minecraft:diamond_shovel 1 41 {Unbreakable:1}","predicate": {"damaged": 0, "damage": 0.02624839948}, "model": "item/nubx/air/helicopter/colors/helicopter_green"},
		{ "_cmd_": "give @p minecraft:diamond_shovel 1 42 {Unbreakable:1}","predicate": {"damaged": 0, "damage": 0.02688860435}, "model": "item/nubx/air/helicopter/colors/helicopter_blue"},
		{ "_cmd_": "give @p minecraft:diamond_shovel 1 43 {Unbreakable:1}","predicate": {"damaged": 0, "damage": 0.02752880921}, "model": "item/nubx/air/helicopter/colors/helicopter_purple"},
		{ "_cmd_": "give @p minecraft:diamond_shovel 1 44 {Unbreakable:1}","predicate": {"damaged": 0, "damage": 0.02816901408}, "model": "item/nubx/air/helicopter/colors/helicopter_pink"},
		
		{ "_cmd_": "give @p minecraft:diamond_shovel 1 45 {Unbreakable:1}","predicate": {"damaged": 0, "damage": 0.02880921895}, "model": "item/diamond_shovel"},
		{ "_cmd_": "give @p minecraft:diamond_shovel 1 46 {Unbreakable:1}","predicate": {"damaged": 0, "damage": 0.02944942381}, "model": "item/diamond_shovel"},
		{ "_cmd_": "give @p minecraft:diamond_shovel 1 47 {Unbreakable:1}","predicate": {"damaged": 0, "damage": 0.03008962868}, "model": "item/diamond_shovel"},
		{ "_cmd_": "give @p minecraft:diamond_shovel 1 48 {Unbreakable:1}","predicate": {"damaged": 0, "damage": 0.03072983354}, "model": "item/diamond_shovel"},
		{ "_cmd_": "give @p minecraft:diamond_shovel 1 49 {Unbreakable:1}","predicate": {"damaged": 0, "damage": 0.03072983360}, "model": "item/diamond_shovel"},
		{ "_cmd_": "give @p minecraft:diamond_shovel 1 50 {Unbreakable:1}","predicate": {"damaged": 0, "damage": 0.03201024327}, "model": "item/diamond_shovel"},
		{ "_cmd_": "give @p minecraft:diamond_shovel 1 51 {Unbreakable:1}","predicate": {"damaged": 0, "damage": 0.03265044814}, "model": "item/diamond_shovel"},
		{ "_cmd_": "give @p minecraft:diamond_shovel 1 52 {Unbreakable:1}","predicate": {"damaged": 0, "damage": 0.03329065300}, "model": "item/diamond_shovel"},
		{ "_cmd_": "give @p minecraft:diamond_shovel 1 53 {Unbreakable:1}","predicate": {"damaged": 0, "damage": 0.03393085787}, "model": "item/diamond_shovel"},
		{ "_cmd_": "give @p minecraft:diamond_shovel 1 54 {Unbreakable:1}","predicate": {"damaged": 0, "damage": 0.03457106274}, "model": "item/diamond_shovel"},
		{ "_cmd_": "give @p minecraft:diamond_shovel 1 55 {Unbreakable:1}","predicate": {"damaged": 0, "damage": 0.03521126760}, "model": "item/diamond_shovel"},
		
		{ "_cmd_": "give @p minecraft:diamond_shovel 1 56 {Unbreakable:1}","predicate": {"damaged": 0, "damage": 0.03585147247}, "model": "item/nubx/land/lambo/colors/lambo_cotton_candy"},
		{ "_cmd_": "give @p minecraft:diamond_shovel 1 57 {Unbreakable:1}","predicate": {"damaged": 0, "damage": 0.03649167733}, "model": "item/diamond_shovel"},
		{ "_cmd_": "give @p minecraft:diamond_shovel 1 58 {Unbreakable:1}","predicate": {"damaged": 0, "damage": 0.03713188220}, "model": "item/diamond_shovel"},
		{ "_cmd_": "give @p minecraft:diamond_shovel 1 59 {Unbreakable:1}","predicate": {"damaged": 0, "damage": 0.03777208706}, "model": "item/diamond_shovel"},
		{ "_cmd_": "give @p minecraft:diamond_shovel 1 60 {Unbreakable:1}","predicate": {"damaged": 0, "damage": 0.03841229193}, "model": "item/diamond_shovel"},
		{ "_cmd_": "give @p minecraft:diamond_shovel 1 61 {Unbreakable:1}","predicate": {"damaged": 0, "damage": 0.03905249679}, "model": "item/diamond_shovel"},
		{ "_cmd_": "give @p minecraft:diamond_shovel 1 62 {Unbreakable:1}","predicate": {"damaged": 0, "damage": 0.03969270166}, "model": "item/diamond_shovel"},
		{ "_cmd_": "give @p minecraft:diamond_shovel 1 63 {Unbreakable:1}","predicate": {"damaged": 0, "damage": 0.04033290653}, "model": "item/diamond_shovel"},
		{ "_cmd_": "give @p minecraft:diamond_shovel 1 64 {Unbreakable:1}","predicate": {"damaged": 0, "damage": 0.04097311139}, "model": "item/diamond_shovel"},
		{ "_cmd_": "give @p minecraft:diamond_shovel 1 65 {Unbreakable:1}","predicate": {"damaged": 0, "damage": 0.04161331626}, "model": "item/diamond_shovel"},
		{ "_cmd_": "give @p minecraft:diamond_shovel 1 66 {Unbreakable:1}","predicate": {"damaged": 0, "damage": 0.04225352112}, "model": "item/diamond_shovel"},
		{ "_cmd_": "give @p minecraft:diamond_shovel 1 67 {Unbreakable:1}","predicate": {"damaged": 0, "damage": 0.04289372599}, "model": "item/diamond_shovel"},
		{ "_cmd_": "give @p minecraft:diamond_shovel 1 68 {Unbreakable:1}","predicate": {"damaged": 0, "damage": 0.04353393085}, "model": "item/diamond_shovel"},
		{ "_cmd_": "give @p minecraft:diamond_shovel 1 69 {Unbreakable:1}","predicate": {"damaged": 0, "damage": 0.04417413572}, "model": "item/diamond_shovel"},
		{ "_cmd_": "give @p minecraft:diamond_shovel 1 70 {Unbreakable:1}","predicate": {"damaged": 0, "damage": 0.04481434058}, "model": "item/diamond_shovel"},
		{ "_cmd_": "give @p minecraft:diamond_shovel 1 71 {Unbreakable:1}","predicate": {"damaged": 0, "damage": 0.04545454545}, "model": "item/diamond_shovel"},
		{ "_cmd_": "give @p minecraft:diamond_shovel 1 72 {Unbreakable:1}","predicate": {"damaged": 0, "damage": 0.04609475032}, "model": "item/diamond_shovel"},
		{ "_cmd_": "give @p minecraft:diamond_shovel 1 73 {Unbreakable:1}","predicate": {"damaged": 0, "damage": 0.04673495518}, "model": "item/diamond_shovel"},
		{ "_cmd_": "give @p minecraft:diamond_shovel 1 74 {Unbreakable:1}","predicate": {"damaged": 0, "damage": 0.04737516005}, "model": "item/diamond_shovel"},
		{ "_cmd_": "give @p minecraft:diamond_shovel 1 75 {Unbreakable:1}","predicate": {"damaged": 0, "damage": 0.04801536491}, "model": "item/diamond_shovel"},
		{ "_cmd_": "give @p minecraft:diamond_shovel 1 76 {Unbreakable:1}","predicate": {"damaged": 0, "damage": 0.04865556978}, "model": "item/diamond_shovel"},
		{ "_cmd_": "give @p minecraft:diamond_shovel 1 77 {Unbreakable:1}","predicate": {"damaged": 0, "damage": 0.04929577464}, "model": "item/diamond_shovel"},
		{ "_cmd_": "give @p minecraft:diamond_shovel 1 78 {Unbreakable:1}","predicate": {"damaged": 0, "damage": 0.04993597951}, "model": "item/diamond_shovel"},
		{ "_cmd_": "give @p minecraft:diamond_shovel 1 79 {Unbreakable:1}","predicate": {"damaged": 0, "damage": 0.05057618437}, "model": "item/diamond_shovel"},
		{ "_cmd_": "give @p minecraft:diamond_shovel 1 80 {Unbreakable:1}","predicate": {"damaged": 0, "damage": 0.05121638924}, "model": "item/diamond_shovel"},
		{ "_cmd_": "give @p minecraft:diamond_shovel 1 81 {Unbreakable:1}","predicate": {"damaged": 0, "damage": 0.05185659411}, "model": "item/diamond_shovel"},
		{ "_cmd_": "give @p minecraft:diamond_shovel 1 82 {Unbreakable:1}","predicate": {"damaged": 0, "damage": 0.05249679897}, "model": "item/diamond_shovel"},
		{ "_cmd_": "give @p minecraft:diamond_shovel 1 83 {Unbreakable:1}","predicate": {"damaged": 0, "damage": 0.05313700384}, "model": "item/diamond_shovel"},
		{ "_cmd_": "give @p minecraft:diamond_shovel 1 84 {Unbreakable:1}","predicate": {"damaged": 0, "damage": 0.05377720870}, "model": "item/diamond_shovel"},
		{ "_cmd_": "give @p minecraft:diamond_shovel 1 85 {Unbreakable:1}","predicate": {"damaged": 0, "damage": 0.05441741357}, "model": "item/diamond_shovel"},
		
		{ "predicate": {"damaged": 1, "damage": 0}, "model": "item/diamond_shovel"}
	]
}