{
	"parent": "item/handheld",
	"textures": {
		"layer0": "items/shears"
	},
	"overrides": [
		{ "predicate": {"damaged": 0, "damage": 0}, "model": "item/shears"},
		{ "_cmd_": "give @p minecraft:shears 1 1 {Unbreakable:1}", "predicate": {"damaged": 0, "damage": 0.004201680672268}, "model": "item/nubx/upgrades/gas_can"},
		{ "_cmd_": "give @p minecraft:shears 1 2 {Unbreakable:1}", "predicate": {"damaged": 0, "damage": 0.008403361344537}, "model": "item/nubx/upgrades/health_module"},
		{ "_cmd_": "give @p minecraft:shears 1 3 {Unbreakable:1}", "predicate": {"damaged": 0, "damage": 0.012605042016806}, "model": "item/nubx/upgrades/scuba_module"},
		{ "_cmd_": "give @p minecraft:shears 1 4 {Unbreakable:1}", "predicate": {"damaged": 0, "damage": 0.016806722689075}, "model": "item/nubx/upgrades/flight_module"},
		{ "_cmd_": "give @p minecraft:shears 1 5 {Unbreakable:1}", "predicate": {"damaged": 0, "damage": 0.021008403361344}, "model": "item/nubx/upgrades/lock_module"},
		{ "_cmd_": "give @p minecraft:shears 1 6 {Unbreakable:1}", "predicate": {"damaged": 0, "damage": 0.025210084033613}, "model": "item/nubx/upgrades/differential_module"},
		{ "_cmd_": "give @p minecraft:shears 1 7 {Unbreakable:1}", "predicate": {"damaged": 0, "damage": 0.029411764705882}, "model": "item/nubx/upgrades/engine_module"},
		{ "_cmd_": "give @p minecraft:shears 1 8 {Unbreakable:1}", "predicate": {"damaged": 0, "damage": 0.033613445378151}, "model": "item/nubx/upgrades/tire_module"},
		{ "_cmd_": "give @p minecraft:shears 1 9 {Unbreakable:1}", "predicate": {"damaged": 0, "damage": 0.037815126050420}, "model": "item/shears"},
		{ "_cmd_": "give @p minecraft:shears 1 10 {Unbreakable:1}","predicate": {"damaged": 0, "damage": 0.042016806722689}, "model": "item/shears"},
		{ "_cmd_": "give @p minecraft:shears 1 11 {Unbreakable:1}","predicate": {"damaged": 0, "damage": 0.046218487394957}, "model": "item/shears"},
		{ "_cmd_": "give @p minecraft:shears 1 12 {Unbreakable:1}","predicate": {"damaged": 0, "damage": 0.050420168067226}, "model": "item/shears"},
		{ "_cmd_": "give @p minecraft:shears 1 13 {Unbreakable:1}","predicate": {"damaged": 0, "damage": 0.054621848739495}, "model": "item/shears"},
		{ "_cmd_": "give @p minecraft:shears 1 14 {Unbreakable:1}","predicate": {"damaged": 0, "damage": 0.058823529411764}, "model": "item/shears"},
		{ "_cmd_": "give @p minecraft:shears 1 15 {Unbreakable:1}","predicate": {"damaged": 0, "damage": 0.063025210084033}, "model": "item/shears"},
		{ "_cmd_": "give @p minecraft:shears 1 16 {Unbreakable:1}","predicate": {"damaged": 0, "damage": 0.067226890756302}, "model": "item/shears"},
		{ "_cmd_": "give @p minecraft:shears 1 17 {Unbreakable:1}","predicate": {"damaged": 0, "damage": 0.071428571428571}, "model": "item/shears"},
		{ "_cmd_": "give @p minecraft:shears 1 18 {Unbreakable:1}","predicate": {"damaged": 0, "damage": 0.075630252100840}, "model": "item/shears"},
		{ "_cmd_": "give @p minecraft:shears 1 19 {Unbreakable:1}","predicate": {"damaged": 0, "damage": 0.079831932773109}, "model": "item/shears"},
		{ "_cmd_": "give @p minecraft:shears 1 20 {Unbreakable:1}","predicate": {"damaged": 0, "damage": 0.084033613445378}, "model": "item/shears"},
		{ "_cmd_": "give @p minecraft:shears 1 21 {Unbreakable:1}","predicate": {"damaged": 0, "damage": 0.088235294117647}, "model": "item/shears"},
		{ "_cmd_": "give @p minecraft:shears 1 22 {Unbreakable:1}","predicate": {"damaged": 0, "damage": 0.092436974789915}, "model": "item/shears"},
		{ "_cmd_": "give @p minecraft:shears 1 23 {Unbreakable:1}","predicate": {"damaged": 0, "damage": 0.096638655462184}, "model": "item/shears"},
		{ "_cmd_": "give @p minecraft:shears 1 24 {Unbreakable:1}","predicate": {"damaged": 0, "damage": 0.100840336134453}, "model": "item/shears"},
		{ "_cmd_": "give @p minecraft:shears 1 25 {Unbreakable:1}","predicate": {"damaged": 0, "damage": 0.105042016806722}, "model": "item/shears"},
		{ "_cmd_": "give @p minecraft:shears 1 26 {Unbreakable:1}","predicate": {"damaged": 0, "damage": 0.109243697478991}, "model": "item/shears"},
		{ "_cmd_": "give @p minecraft:shears 1 27 {Unbreakable:1}","predicate": {"damaged": 0, "damage": 0.113445378151260}, "model": "item/shears"},
		{ "_cmd_": "give @p minecraft:shears 1 28 {Unbreakable:1}","predicate": {"damaged": 0, "damage": 0.117647058823529}, "model": "item/shears"},
		{ "_cmd_": "give @p minecraft:shears 1 29 {Unbreakable:1}","predicate": {"damaged": 0, "damage": 0.121848739495798}, "model": "item/shears"},
		{ "_cmd_": "give @p minecraft:shears 1 30 {Unbreakable:1}","predicate": {"damaged": 0, "damage": 0.126050420168067}, "model": "item/shears"},
		{ "_cmd_": "give @p minecraft:shears 1 31 {Unbreakable:1}","predicate": {"damaged": 0, "damage": 0.130252100840336}, "model": "item/shears"},
		{ "_cmd_": "give @p minecraft:shears 1 32 {Unbreakable:1}","predicate": {"damaged": 0, "damage": 0.134453781512605}, "model": "item/shears"},
		{ "_cmd_": "give @p minecraft:shears 1 33 {Unbreakable:1}","predicate": {"damaged": 0, "damage": 0.138655462184873}, "model": "item/shears"},
		{ "_cmd_": "give @p minecraft:shears 1 34 {Unbreakable:1}","predicate": {"damaged": 0, "damage": 0.142857142857142}, "model": "item/shears"},
		{ "_cmd_": "give @p minecraft:shears 1 35 {Unbreakable:1}","predicate": {"damaged": 0, "damage": 0.147058823529411}, "model": "item/shears"},
		{ "_cmd_": "give @p minecraft:shears 1 36 {Unbreakable:1}","predicate": {"damaged": 0, "damage": 0.151260504201680}, "model": "item/shears"},
		{ "_cmd_": "give @p minecraft:shears 1 37 {Unbreakable:1}","predicate": {"damaged": 0, "damage": 0.155462184873949}, "model": "item/shears"},
		{ "_cmd_": "give @p minecraft:shears 1 38 {Unbreakable:1}","predicate": {"damaged": 0, "damage": 0.159663865546218}, "model": "item/shears"},
		{ "_cmd_": "give @p minecraft:shears 1 39 {Unbreakable:1}","predicate": {"damaged": 0, "damage": 0.163865546218487}, "model": "item/shears"},
		{ "_cmd_": "give @p minecraft:shears 1 40 {Unbreakable:1}","predicate": {"damaged": 0, "damage": 0.168067226890756}, "model": "item/shears"},
		{ "_cmd_": "give @p minecraft:shears 1 41 {Unbreakable:1}","predicate": {"damaged": 0, "damage": 0.172268907563025}, "model": "item/shears"},
		{ "_cmd_": "give @p minecraft:shears 1 42 {Unbreakable:1}","predicate": {"damaged": 0, "damage": 0.176470588235294}, "model": "item/shears"},
		{ "_cmd_": "give @p minecraft:shears 1 43 {Unbreakable:1}","predicate": {"damaged": 0, "damage": 0.180672268907562}, "model": "item/shears"},
		{ "_cmd_": "give @p minecraft:shears 1 44 {Unbreakable:1}","predicate": {"damaged": 0, "damage": 0.184873949579831}, "model": "item/shears"},
		{ "_cmd_": "give @p minecraft:shears 1 45 {Unbreakable:1}","predicate": {"damaged": 0, "damage": 0.189075630252100}, "model": "item/shears"},
		{ "_cmd_": "give @p minecraft:shears 1 46 {Unbreakable:1}","predicate": {"damaged": 0, "damage": 0.193277310924369}, "model": "item/shears"},
		{ "_cmd_": "give @p minecraft:shears 1 47 {Unbreakable:1}","predicate": {"damaged": 0, "damage": 0.197478991596638}, "model": "item/shears"},
		{ "_cmd_": "give @p minecraft:shears 1 48 {Unbreakable:1}","predicate": {"damaged": 0, "damage": 0.201680672268907}, "model": "item/shears"},
		{ "_cmd_": "give @p minecraft:shears 1 49 {Unbreakable:1}","predicate": {"damaged": 0, "damage": 0.205882352941176}, "model": "item/shears"},
		{ "_cmd_": "give @p minecraft:shears 1 50 {Unbreakable:1}","predicate": {"damaged": 0, "damage": 0.210084033613445}, "model": "item/shears"},
		
		{ "_cmd_": "give @p minecraft:shears 1 51 {Unbreakable:1}","predicate": {"damaged": 0, "damage": 0.214285714285714}, "model": "item/shears"},
		{ "predicate": {"damaged": 1, "damage": 0}, "model": "items/shears"}
	]
}