{
	"__comment": "Designed by Legofreak107 with Cubik Studio - https://cubik.studio",
	"textures": {
		"particle": "blocks/e_particle",
		"texture": "blocks/concrete_white",
		"wheel": "blocks/piston_inner",
		"gray": "blocks/concrete_gray"
	},
	"elements": [ 	 
		{
			"__comment": "Box1",
			"from": [ -16, 0, -4 ],
			"to": [ -11, 1, 19 ],
			"faces": {
				"down": { "uv": [ 0, 0, 5, 16 ], "texture": "#texture", "tintindex": 0 },
				"up": { "uv": [ 0, 0, 5, 16 ], "texture": "#texture", "tintindex": 0 },
				"north": { "uv": [ 11, 15, 16, 16 ], "texture": "#texture", "tintindex": 0 },
				"south": { "uv": [ 0, 15, 5, 16 ], "texture": "#texture", "tintindex": 0 },
				"west": { "uv": [ 0, 15, 16, 16 ], "texture": "#texture", "tintindex": 0 },
				"east": { "uv": [ 0, 15, 16, 16 ], "texture": "#texture", "tintindex": 0 }
			}
		},
		{
			"__comment": "Box1",
			"from": [ -3, 0, -4 ],
			"to": [ 19, 1, 19 ],
			"faces": {
				"down": { "uv": [ 0, 0, 16, 16 ], "texture": "#texture", "tintindex": 0 },
				"up": { "uv": [ 0, 0, 16, 16 ], "texture": "#texture", "tintindex": 0 },
				"north": { "uv": [ 0, 15, 16, 16 ], "texture": "#texture", "tintindex": 0 },
				"south": { "uv": [ 0, 15, 16, 16 ], "texture": "#texture", "tintindex": 0 },
				"west": { "uv": [ 0, 15, 16, 16 ], "texture": "#texture", "tintindex": 0 },
				"east": { "uv": [ 0, 15, 16, 16 ], "texture": "#texture", "tintindex": 0 }
			}
		},
		{
			"__comment": "Box1",
			"from": [ 27, 0, -4 ],
			"to": [ 31, 1, 19 ],
			"faces": {
				"down": { "uv": [ 11, 0, 15, 16 ], "texture": "#texture", "tintindex": 0 },
				"up": { "uv": [ 11, 0, 15, 16 ], "texture": "#texture", "tintindex": 0 },
				"north": { "uv": [ 1, 15, 5, 16 ], "texture": "#texture", "tintindex": 0 },
				"south": { "uv": [ 11, 15, 15, 16 ], "texture": "#texture", "tintindex": 0 },
				"west": { "uv": [ 0, 15, 16, 16 ], "texture": "#texture", "tintindex": 0 },
				"east": { "uv": [ 0, 15, 16, 16 ], "texture": "#texture", "tintindex": 0 }
			}
		},
		{
			"__comment": "Box1",
			"from": [ -11, 0, -2 ],
			"to": [ -3, 1, 17 ],
			"faces": {
				"down": { "uv": [ 5, 0, 13, 16 ], "texture": "#texture", "tintindex": 0 },
				"up": { "uv": [ 5, 0, 13, 16 ], "texture": "#texture", "tintindex": 0 },
				"north": { "uv": [ 3, 15, 11, 16 ], "texture": "#texture", "tintindex": 0 },
				"south": { "uv": [ 5, 15, 13, 16 ], "texture": "#texture", "tintindex": 0 },
				"west": { "uv": [ 0, 15, 16, 16 ], "texture": "#texture", "tintindex": 0 },
				"east": { "uv": [ 0, 15, 16, 16 ], "texture": "#texture", "tintindex": 0 }
			}
		},
		{
			"__comment": "Box1",
			"from": [ 19, 0, -2 ],
			"to": [ 27, 1, 17 ],
			"faces": {
				"down": { "uv": [ 3, 0, 11, 16 ], "texture": "#texture", "tintindex": 0 },
				"up": { "uv": [ 3, 0, 11, 16 ], "texture": "#texture", "tintindex": 0 },
				"north": { "uv": [ 5, 15, 13, 16 ], "texture": "#texture", "tintindex": 0 },
				"south": { "uv": [ 3, 15, 11, 16 ], "texture": "#texture", "tintindex": 0 },
				"west": { "uv": [ 0, 15, 16, 16 ], "texture": "#texture", "tintindex": 0 },
				"east": { "uv": [ 0, 15, 16, 16 ], "texture": "#texture", "tintindex": 0 }
			}
		},
		{
			"__comment": "Box6",
			"from": [ -16, 1, -4 ],
			"to": [ -11, 6, 19 ],
			"faces": {
				"down": { "uv": [ 0, 0, 5, 16 ], "texture": "#texture", "tintindex": 0 },
				"up": { "uv": [ 0, 0, 5, 16 ], "texture": "#texture", "tintindex": 0 },
				"north": { "uv": [ 11, 10, 16, 15 ], "texture": "#texture", "tintindex": 0 },
				"south": { "uv": [ 0, 10, 5, 15 ], "texture": "#texture", "tintindex": 0 },
				"west": { "uv": [ 0, 10, 16, 15 ], "texture": "#texture", "tintindex": 0 },
				"east": { "uv": [ 0, 10, 16, 15 ], "texture": "#texture", "tintindex": 0 }
			}
		},
		{
			"__comment": "Box6",
			"from": [ -15.5, 5, -4 ],
			"to": [ -7.5, 6, 19 ],
			"rotation": { "origin": [ -15.5, 5, -4 ], "axis": "z", "angle": 22.5 },
			"faces": {
				"down": { "uv": [ 0, 0, 0.5, 16 ], "texture": "#texture", "tintindex": 0 },
				"up": { "uv": [ 0, 0, 0.5, 16 ], "texture": "#texture", "tintindex": 0 },
				"north": { "uv": [ 15.5, 4, 16, 5 ], "texture": "#texture", "tintindex": 0 },
				"south": { "uv": [ 0, 4, 0.5, 5 ], "texture": "#texture", "tintindex": 0 },
				"west": { "uv": [ 0, 4, 16, 5 ], "texture": "#texture", "tintindex": 0 },
				"east": { "uv": [ 0, 4, 16, 5 ], "texture": "#texture", "tintindex": 0 }
			}
		},
		{
			"__comment": "Box6",
			"from": [ -8.5, 8, -4 ],
			"to": [ -2.5, 9, 19 ],
			"faces": {
				"down": { "uv": [ 0, 0, 0.5, 16 ], "texture": "#texture", "tintindex": 0 },
				"up": { "uv": [ 0, 0, 0.5, 16 ], "texture": "#texture", "tintindex": 0 },
				"north": { "uv": [ 15.5, 4, 16, 5 ], "texture": "#texture", "tintindex": 0 },
				"south": { "uv": [ 0, 4, 0.5, 5 ], "texture": "#texture", "tintindex": 0 },
				"west": { "uv": [ 0, 4, 16, 5 ], "texture": "#texture", "tintindex": 0 },
				"east": { "uv": [ 0, 4, 16, 5 ], "texture": "#texture", "tintindex": 0 }
			}
		},
		{
			"__comment": "Box6",
			"from": [ -0.318, 9.318, -4 ],
			"to": [ 0.682, 18.318, -2.5 ],
			"rotation": { "origin": [ -3.5, 17, -4 ], "axis": "z", "angle": -22.5 },
			"faces": {
				"down": { "uv": [ 0, 4, 16, 5 ], "texture": "#texture", "rotation": 90, "tintindex": 0 },
				"up": { "uv": [ 16, 5, 0, 4 ], "texture": "#texture", "rotation": 270, "tintindex": 0 },
				"north": { "uv": [ 15.5, 4, 16, 5 ], "texture": "#texture", "rotation": 270, "tintindex": 0 },
				"south": { "uv": [ 0, 4, 0.5, 5 ], "texture": "#texture", "rotation": 90, "tintindex": 0 },
				"west": { "uv": [ 0, 0, 0.5, 16 ], "texture": "#texture", "rotation": 90, "tintindex": 0 },
				"east": { "uv": [ 0.5, 16, 0, 0 ], "texture": "#texture", "rotation": 270, "tintindex": 0 }
			}
		},
		{
			"__comment": "Box6",
			"from": [ -0.318, 9.318, 17.5 ],
			"to": [ 0.682, 18.318, 19 ],
			"rotation": { "origin": [ -3.5, 17, 17.5 ], "axis": "z", "angle": -22.5 },
			"faces": {
				"down": { "uv": [ 0, 4, 16, 5 ], "texture": "#texture", "rotation": 90, "tintindex": 0 },
				"up": { "uv": [ 16, 5, 0, 4 ], "texture": "#texture", "rotation": 270, "tintindex": 0 },
				"north": { "uv": [ 15.5, 4, 16, 5 ], "texture": "#texture", "rotation": 270, "tintindex": 0 },
				"south": { "uv": [ 0, 4, 0.5, 5 ], "texture": "#texture", "rotation": 90, "tintindex": 0 },
				"west": { "uv": [ 0, 0, 0.5, 16 ], "texture": "#texture", "rotation": 90, "tintindex": 0 },
				"east": { "uv": [ 0.5, 16, 0, 0 ], "texture": "#texture", "rotation": 270, "tintindex": 0 }
			}
		},
		{
			"__comment": "Box6",
			"from": [ 0, 16, -4 ],
			"to": [ 19.5, 17, 19 ],
			"faces": {
				"down": { "uv": [ 0, 0, 0.5, 16 ], "texture": "#texture", "tintindex": 0 },
				"up": { "uv": [ 0, 0, 0.5, 16 ], "texture": "#texture", "tintindex": 0 },
				"north": { "uv": [ 15.5, 4, 16, 5 ], "texture": "#texture", "tintindex": 0 },
				"south": { "uv": [ 0, 4, 0.5, 5 ], "texture": "#texture", "tintindex": 0 },
				"west": { "uv": [ 0, 4, 16, 5 ], "texture": "#texture", "tintindex": 0 },
				"east": { "uv": [ 0, 4, 16, 5 ], "texture": "#texture", "tintindex": 0 }
			}
		},
		{
			"__comment": "Box6",
			"from": [ 19.182, 6.318, 17.5 ],
			"to": [ 20.182, 15.318, 19 ],
			"rotation": { "origin": [ 16, 14, 17.5 ], "axis": "z", "angle": 22.5 },
			"faces": {
				"down": { "uv": [ 0, 4, 16, 5 ], "texture": "#texture", "rotation": 90, "tintindex": 0 },
				"up": { "uv": [ 16, 5, 0, 4 ], "texture": "#texture", "rotation": 270, "tintindex": 0 },
				"north": { "uv": [ 15.5, 4, 16, 5 ], "texture": "#texture", "rotation": 270, "tintindex": 0 },
				"south": { "uv": [ 0, 4, 0.5, 5 ], "texture": "#texture", "rotation": 90, "tintindex": 0 },
				"west": { "uv": [ 0, 0, 0.5, 16 ], "texture": "#texture", "rotation": 90, "tintindex": 0 },
				"east": { "uv": [ 0.5, 16, 0, 0 ], "texture": "#texture", "rotation": 270, "tintindex": 0 }
			}
		},
		{
			"__comment": "Box6",
			"from": [ 19.182, 6.318, -4 ],
			"to": [ 20.182, 15.318, -2.5 ],
			"rotation": { "origin": [ 16, 14, 17.5 ], "axis": "z", "angle": 22.5 },
			"faces": {
				"down": { "uv": [ 0, 4, 16, 5 ], "texture": "#texture", "rotation": 90, "tintindex": 0 },
				"up": { "uv": [ 16, 5, 0, 4 ], "texture": "#texture", "rotation": 270, "tintindex": 0 },
				"north": { "uv": [ 15.5, 4, 16, 5 ], "texture": "#texture", "rotation": 270, "tintindex": 0 },
				"south": { "uv": [ 0, 4, 0.5, 5 ], "texture": "#texture", "rotation": 90, "tintindex": 0 },
				"west": { "uv": [ 0, 0, 0.5, 16 ], "texture": "#texture", "rotation": 90, "tintindex": 0 },
				"east": { "uv": [ 0.5, 16, 0, 0 ], "texture": "#texture", "rotation": 270, "tintindex": 0 }
			}
		},
		{
			"__comment": "Box6",
			"from": [ 27, 1, -4 ],
			"to": [ 31, 8, 19 ],
			"faces": {
				"down": { "uv": [ 0, 0, 0.5, 16 ], "texture": "#texture", "tintindex": 0 },
				"up": { "uv": [ 0, 0, 0.5, 16 ], "texture": "#texture", "tintindex": 0 },
				"north": { "uv": [ 15.5, 4, 16, 5 ], "texture": "#texture", "tintindex": 0 },
				"south": { "uv": [ 0, 4, 0.5, 5 ], "texture": "#texture", "tintindex": 0 },
				"west": { "uv": [ 0, 4, 16, 5 ], "texture": "#texture", "tintindex": 0 },
				"east": { "uv": [ 0, 4, 16, 5 ], "texture": "#texture", "tintindex": 0 }
			}
		},
		{
			"__comment": "Box6",
			"from": [ 19, 7.5, -4 ],
			"to": [ 30, 9, 19 ],
			"faces": {
				"down": { "uv": [ 0, 0, 0.5, 16 ], "texture": "#texture", "tintindex": 0 },
				"up": { "uv": [ 0, 0, 0.5, 16 ], "texture": "#texture", "tintindex": 0 },
				"north": { "uv": [ 15.5, 4, 16, 5 ], "texture": "#texture", "tintindex": 0 },
				"south": { "uv": [ 0, 4, 0.5, 5 ], "texture": "#texture", "tintindex": 0 },
				"west": { "uv": [ 0, 4, 16, 5 ], "texture": "#texture", "tintindex": 0 },
				"east": { "uv": [ 0, 4, 16, 5 ], "texture": "#texture", "tintindex": 0 }
			}
		},
		{
			"__comment": "Box6",
			"from": [ 29, 8, -4 ],
			"to": [ 30.5, 9.5, 19 ],
			"rotation": { "origin": [ 29, 8, -4 ], "axis": "z", "angle": -45 },
			"faces": {
				"down": { "uv": [ 0, 0, 0.5, 16 ], "texture": "#texture", "tintindex": 0 },
				"up": { "uv": [ 0, 0, 0.5, 16 ], "texture": "#texture", "tintindex": 0 },
				"north": { "uv": [ 15.5, 4, 16, 5 ], "texture": "#texture", "tintindex": 0 },
				"south": { "uv": [ 0, 4, 0.5, 5 ], "texture": "#texture", "tintindex": 0 },
				"west": { "uv": [ 0, 4, 16, 5 ], "texture": "#texture", "tintindex": 0 },
				"east": { "uv": [ 0, 4, 16, 5 ], "texture": "#texture", "tintindex": 0 }
			}
		},
		{
			"__comment": "Box6",
			"from": [ 19, 5, -4 ],
			"to": [ 27, 7.5, 19 ],
			"faces": {
				"down": { "uv": [ 0, 0, 0.5, 16 ], "texture": "#texture", "tintindex": 0 },
				"up": { "uv": [ 0, 0, 0.5, 16 ], "texture": "#texture", "tintindex": 0 },
				"north": { "uv": [ 15.5, 4, 16, 5 ], "texture": "#texture", "tintindex": 0 },
				"south": { "uv": [ 0, 4, 0.5, 5 ], "texture": "#texture", "tintindex": 0 },
				"west": { "uv": [ 0, 4, 16, 5 ], "texture": "#texture", "tintindex": 0 },
				"east": { "uv": [ 0, 4, 16, 5 ], "texture": "#texture", "tintindex": 0 }
			}
		},
		{
			"__comment": "Box6",
			"from": [ 22, 1, -2 ],
			"to": [ 27, 5, 17 ],
			"faces": {
				"down": { "uv": [ 0, 0, 0.5, 16 ], "texture": "#texture", "tintindex": 0 },
				"up": { "uv": [ 0, 0, 0.5, 16 ], "texture": "#texture", "tintindex": 0 },
				"north": { "uv": [ 15.5, 4, 16, 5 ], "texture": "#texture", "tintindex": 0 },
				"south": { "uv": [ 0, 4, 0.5, 5 ], "texture": "#texture", "tintindex": 0 },
				"west": { "uv": [ 0, 4, 16, 5 ], "texture": "#texture", "tintindex": 0 },
				"east": { "uv": [ 0, 4, 16, 5 ], "texture": "#texture", "tintindex": 0 }
			}
		},
		{
			"__comment": "Box19",
			"from": [ 19, 1, -2 ],
			"to": [ 22, 5, -1 ],
			"faces": {
				"down": { "uv": [ 3, 1, 6, 2 ], "texture": "#texture", "tintindex": 0 },
				"up": { "uv": [ 3, 14, 6, 15 ], "texture": "#texture", "tintindex": 0 },
				"north": { "uv": [ 10, 11, 13, 15 ], "texture": "#texture", "tintindex": 0 },
				"south": { "uv": [ 3, 11, 6, 15 ], "texture": "#texture", "tintindex": 0 },
				"west": { "uv": [ 14, 11, 15, 15 ], "texture": "#texture", "tintindex": 0 },
				"east": { "uv": [ 1, 11, 2, 15 ], "texture": "#texture", "tintindex": 0 }
			}
		},
		{
			"__comment": "Box19",
			"from": [ 19, 1, 16 ],
			"to": [ 22, 5, 17 ],
			"faces": {
				"down": { "uv": [ 3, 15, 6, 16 ], "texture": "#texture", "tintindex": 0 },
				"up": { "uv": [ 3, 0, 6, 1 ], "texture": "#texture", "tintindex": 0 },
				"north": { "uv": [ 10, 11, 13, 15 ], "texture": "#texture", "tintindex": 0 },
				"south": { "uv": [ 3, 11, 6, 15 ], "texture": "#texture", "tintindex": 0 },
				"west": { "uv": [ 0, 11, 1, 15 ], "texture": "#texture", "tintindex": 0 },
				"east": { "uv": [ 15, 11, 16, 15 ], "texture": "#texture", "tintindex": 0 }
			}
		},
		{
			"__comment": "Box19",
			"from": [ -11, 1, 16 ],
			"to": [ -3, 5, 17 ],
			"faces": {
				"down": { "uv": [ 5, 15, 13, 16 ], "texture": "#texture", "tintindex": 0 },
				"up": { "uv": [ 5, 0, 13, 1 ], "texture": "#texture", "tintindex": 0 },
				"north": { "uv": [ 3, 11, 11, 15 ], "texture": "#texture", "tintindex": 0 },
				"south": { "uv": [ 5, 11, 13, 15 ], "texture": "#texture", "tintindex": 0 },
				"west": { "uv": [ 0, 11, 1, 15 ], "texture": "#texture", "tintindex": 0 },
				"east": { "uv": [ 15, 11, 16, 15 ], "texture": "#texture", "tintindex": 0 }
			}
		},
		{
			"__comment": "Box19",
			"from": [ -11, 1, -2 ],
			"to": [ -3, 5, -1 ],
			"faces": {
				"down": { "uv": [ 5, 1, 13, 2 ], "texture": "#texture", "tintindex": 0 },
				"up": { "uv": [ 5, 14, 13, 15 ], "texture": "#texture", "tintindex": 0 },
				"north": { "uv": [ 3, 11, 11, 15 ], "texture": "#texture", "tintindex": 0 },
				"south": { "uv": [ 5, 11, 13, 15 ], "texture": "#texture", "tintindex": 0 },
				"west": { "uv": [ 14, 11, 15, 15 ], "texture": "#texture", "tintindex": 0 },
				"east": { "uv": [ 1, 11, 2, 15 ], "texture": "#texture", "tintindex": 0 }
			}
		},
		{
			"__comment": "Box6",
			"from": [ -8, 5, -4 ],
			"to": [ -3, 8, 19 ],
			"faces": {
				"down": { "uv": [ 8, 0, 13, 16 ], "texture": "#texture", "tintindex": 0 },
				"up": { "uv": [ 8, 0, 13, 16 ], "texture": "#texture", "tintindex": 0 },
				"north": { "uv": [ 3, 8, 8, 11 ], "texture": "#texture", "tintindex": 0 },
				"south": { "uv": [ 8, 8, 13, 11 ], "texture": "#texture", "tintindex": 0 },
				"west": { "uv": [ 0, 8, 16, 11 ], "texture": "#texture", "tintindex": 0 },
				"east": { "uv": [ 0, 8, 16, 11 ], "texture": "#texture", "tintindex": 0 }
			}
		},
		{
			"__comment": "Box6",
			"from": [ -14, 5, -4 ],
			"to": [ -8, 6.5, 19 ],
			"faces": {
				"down": { "uv": [ 2, 0, 8, 16 ], "texture": "#texture", "tintindex": 0 },
				"up": { "uv": [ 2, 0, 8, 16 ], "texture": "#texture", "tintindex": 0 },
				"north": { "uv": [ 8, 9.5, 14, 11 ], "texture": "#texture", "tintindex": 0 },
				"south": { "uv": [ 2, 9.5, 8, 11 ], "texture": "#texture", "tintindex": 0 },
				"west": { "uv": [ 0, 9.5, 16, 11 ], "texture": "#texture", "tintindex": 0 },
				"east": { "uv": [ 0, 9.5, 16, 11 ], "texture": "#texture", "tintindex": 0 }
			}
		},
		{
			"__comment": "Box6",
			"from": [ -12, 6.5, -4 ],
			"to": [ -8, 7, 19 ],
			"faces": {
				"down": { "uv": [ 4, 0, 8, 16 ], "texture": "#texture", "tintindex": 0 },
				"up": { "uv": [ 4, 0, 8, 16 ], "texture": "#texture", "tintindex": 0 },
				"north": { "uv": [ 8, 9, 12, 9.5 ], "texture": "#texture", "tintindex": 0 },
				"south": { "uv": [ 4, 9, 8, 9.5 ], "texture": "#texture", "tintindex": 0 },
				"west": { "uv": [ 0, 9, 16, 9.5 ], "texture": "#texture", "tintindex": 0 },
				"east": { "uv": [ 0, 9, 16, 9.5 ], "texture": "#texture", "tintindex": 0 }
			}
		},
		{
			"__comment": "Box6",
			"from": [ -11, 7, -4 ],
			"to": [ -8, 7.5, 19 ],
			"faces": {
				"down": { "uv": [ 5, 0, 8, 16 ], "texture": "#texture", "tintindex": 0 },
				"up": { "uv": [ 5, 0, 8, 16 ], "texture": "#texture", "tintindex": 0 },
				"north": { "uv": [ 8, 8.5, 11, 9 ], "texture": "#texture", "tintindex": 0 },
				"south": { "uv": [ 5, 8.5, 8, 9 ], "texture": "#texture", "tintindex": 0 },
				"west": { "uv": [ 0, 8.5, 16, 9 ], "texture": "#texture", "tintindex": 0 },
				"east": { "uv": [ 0, 8.5, 16, 9 ], "texture": "#texture", "tintindex": 0 }
			}
		},
		{
			"__comment": "Box6",
			"from": [ -9.5, 7.5, -4 ],
			"to": [ -8, 8, 19 ],
			"faces": {
				"down": { "uv": [ 6.5, 0, 8, 16 ], "texture": "#texture", "tintindex": 0 },
				"up": { "uv": [ 6.5, 0, 8, 16 ], "texture": "#texture", "tintindex": 0 },
				"north": { "uv": [ 8, 8, 9.5, 8.5 ], "texture": "#texture", "tintindex": 0 },
				"south": { "uv": [ 6.5, 8, 8, 8.5 ], "texture": "#texture", "tintindex": 0 },
				"west": { "uv": [ 0, 8, 16, 8.5 ], "texture": "#texture", "tintindex": 0 },
				"east": { "uv": [ 0, 8, 16, 8.5 ], "texture": "#texture", "tintindex": 0 }
			}
		},
		{
			"__comment": "Box28",
			"from": [ -3, 1, -4 ],
			"to": [ -2, 9, 19 ],
			"faces": {
				"down": { "uv": [ 13, 0, 14, 16 ], "texture": "#texture", "tintindex": 0 },
				"up": { "uv": [ 13, 0, 14, 16 ], "texture": "#texture", "tintindex": 0 },
				"north": { "uv": [ 2, 7, 3, 15 ], "texture": "#texture", "tintindex": 0 },
				"south": { "uv": [ 13, 7, 14, 15 ], "texture": "#texture", "tintindex": 0 },
				"west": { "uv": [ 0, 7, 16, 15 ], "texture": "#texture", "tintindex": 0 },
				"east": { "uv": [ 0, 7, 16, 15 ], "texture": "#texture", "tintindex": 0 }
			}
		},
		{
			"__comment": "Box28",
			"from": [ 18, 1, -4 ],
			"to": [ 19, 9, 19 ],
			"faces": {
				"down": { "uv": [ 2, 0, 3, 16 ], "texture": "#texture", "tintindex": 0 },
				"up": { "uv": [ 2, 0, 3, 16 ], "texture": "#texture", "tintindex": 0 },
				"north": { "uv": [ 13, 7, 14, 15 ], "texture": "#texture", "tintindex": 0 },
				"south": { "uv": [ 2, 7, 3, 15 ], "texture": "#texture", "tintindex": 0 },
				"west": { "uv": [ 0, 7, 16, 15 ], "texture": "#texture", "tintindex": 0 },
				"east": { "uv": [ 0, 7, 16, 15 ], "texture": "#texture", "tintindex": 0 }
			}
		},
		{
			"__comment": "Box30",
			"from": [ -2, 1, -4 ],
			"to": [ 18, 9, -3 ],
			"faces": {
				"down": { "uv": [ 0, 3, 16, 4 ], "texture": "#texture", "tintindex": 0 },
				"up": { "uv": [ 0, 12, 16, 13 ], "texture": "#texture", "tintindex": 0 },
				"north": { "uv": [ 0, 7, 16, 15 ], "texture": "#texture", "tintindex": 0 },
				"south": { "uv": [ 0, 7, 16, 15 ], "texture": "#texture", "tintindex": 0 },
				"west": { "uv": [ 12, 7, 13, 15 ], "texture": "#texture", "tintindex": 0 },
				"east": { "uv": [ 3, 7, 4, 15 ], "texture": "#texture", "tintindex": 0 }
			}
		},
		{
			"__comment": "Box30",
			"from": [ -2, 1, 18 ],
			"to": [ 18, 9, 19 ],
			"faces": {
				"down": { "uv": [ 0, 13, 16, 14 ], "texture": "#texture", "tintindex": 0 },
				"up": { "uv": [ 0, 2, 16, 3 ], "texture": "#texture", "tintindex": 0 },
				"north": { "uv": [ 0, 7, 16, 15 ], "texture": "#texture", "tintindex": 0 },
				"south": { "uv": [ 0, 7, 16, 15 ], "texture": "#texture", "tintindex": 0 },
				"west": { "uv": [ 2, 7, 3, 15 ], "texture": "#texture", "tintindex": 0 },
				"east": { "uv": [ 13, 7, 14, 15 ], "texture": "#texture", "tintindex": 0 }
			}
		},
		{
			"__comment": "Box6",
			"from": [ 8.682, 9.0251, -4 ],
			"to": [ 9.682, 16.0251, -2.5 ],
			"faces": {
				"down": { "uv": [ 0, 4, 16, 5 ], "texture": "#texture", "rotation": 90, "tintindex": 0 },
				"up": { "uv": [ 16, 5, 0, 4 ], "texture": "#texture", "rotation": 270, "tintindex": 0 },
				"north": { "uv": [ 15.5, 4, 16, 5 ], "texture": "#texture", "rotation": 270, "tintindex": 0 },
				"south": { "uv": [ 0, 4, 0.5, 5 ], "texture": "#texture", "rotation": 90, "tintindex": 0 },
				"west": { "uv": [ 0, 0, 0.5, 16 ], "texture": "#texture", "rotation": 90, "tintindex": 0 },
				"east": { "uv": [ 0.5, 16, 0, 0 ], "texture": "#texture", "rotation": 270, "tintindex": 0 }
			}
		},
		{
			"__comment": "Box6",
			"from": [ 8.682, 9.0251, 17.5 ],
			"to": [ 9.682, 16.0251, 19 ],
			"faces": {
				"down": { "uv": [ 0, 4, 16, 5 ], "texture": "#texture", "rotation": 90, "tintindex": 0 },
				"up": { "uv": [ 16, 5, 0, 4 ], "texture": "#texture", "rotation": 270, "tintindex": 0 },
				"north": { "uv": [ 15.5, 4, 16, 5 ], "texture": "#texture", "rotation": 270, "tintindex": 0 },
				"south": { "uv": [ 0, 4, 0.5, 5 ], "texture": "#texture", "rotation": 90, "tintindex": 0 },
				"west": { "uv": [ 0, 0, 0.5, 16 ], "texture": "#texture", "rotation": 90, "tintindex": 0 },
				"east": { "uv": [ 0.5, 16, 0, 0 ], "texture": "#texture", "rotation": 270, "tintindex": 0 }
			}
		},
		{
			"__comment": "Box34",
			"from": [ -10.5, -2.5, -4 ],
			"to": [ -3.5, 4.5, -2 ],
			"faces": {
				"down": { "uv": [ 8, 15, 9, 16 ], "texture": "#wheel" },
				"up": { "uv": [ 8, 15, 9, 16 ], "texture": "#wheel" },
				"north": { "uv": [ 0, 0, 16, 16 ], "texture": "#wheel" },
				"south": { "uv": [ 0, 0, 16, 16 ], "texture": "#wheel" },
				"west": { "uv": [ 8, 15, 9, 16 ], "texture": "#wheel" },
				"east": { "uv": [ 8, 15, 9, 16 ], "texture": "#wheel" }
			}
		},
		{
			"__comment": "Box38",
			"from": [ 15.5, 4.5, -2 ],
			"to": [ 16.5, 12.5, 17 ],
			"rotation": { "origin": [ 15.5, 4.5, -2 ], "axis": "z", "angle": -22.5 },
			"faces": {
				"down": { "uv": [ 0.5, 0, 1.5, 16 ], "texture": "#gray" },
				"up": { "uv": [ 0.5, 0, 1.5, 16 ], "texture": "#gray" },
				"north": { "uv": [ 14.5, 5, 15.5, 13 ], "texture": "#gray" },
				"south": { "uv": [ 0.5, 5, 1.5, 13 ], "texture": "#gray" },
				"west": { "uv": [ 0, 5, 16, 13 ], "texture": "#gray" },
				"east": { "uv": [ 0, 5, 16, 13 ], "texture": "#gray" }
			}
		},
		{
			"__comment": "Box38",
			"from": [ 6.5, 4.5, -2 ],
			"to": [ 7.5, 12.5, 17 ],
			"rotation": { "origin": [ 6.5, 4.5, -2 ], "axis": "z", "angle": -22.5 },
			"faces": {
				"down": { "uv": [ 0.5, 0, 1.5, 16 ], "texture": "#gray" },
				"up": { "uv": [ 0.5, 0, 1.5, 16 ], "texture": "#gray" },
				"north": { "uv": [ 14.5, 5, 15.5, 13 ], "texture": "#gray" },
				"south": { "uv": [ 0.5, 5, 1.5, 13 ], "texture": "#gray" },
				"west": { "uv": [ 0, 5, 16, 13 ], "texture": "#gray" },
				"east": { "uv": [ 0, 5, 16, 13 ], "texture": "#gray" }
			}
		},
		{
			"__comment": "Box40",
			"from": [ 11.5, 4, -2 ],
			"to": [ 16.5, 5, 17.5 ],
			"faces": {
				"down": { "uv": [ 11.5, 0, 16, 16 ], "texture": "#gray" },
				"up": { "uv": [ 11.5, 0, 16, 16 ], "texture": "#gray" },
				"north": { "uv": [ 0, 11, 4.5, 12 ], "texture": "#gray" },
				"south": { "uv": [ 11.5, 11, 16, 12 ], "texture": "#gray" },
				"west": { "uv": [ 0, 11, 16, 12 ], "texture": "#gray" },
				"east": { "uv": [ 0, 11, 16, 12 ], "texture": "#gray" }
			}
		},
		{
			"__comment": "Box40",
			"from": [ 2, 4, -2 ],
			"to": [ 7, 5, 17.5 ],
			"faces": {
				"down": { "uv": [ 2, 0, 7, 16 ], "texture": "#gray" },
				"up": { "uv": [ 2, 0, 7, 16 ], "texture": "#gray" },
				"north": { "uv": [ 9, 11, 14, 12 ], "texture": "#gray" },
				"south": { "uv": [ 2, 11, 7, 12 ], "texture": "#gray" },
				"west": { "uv": [ 0, 11, 16, 12 ], "texture": "#gray" },
				"east": { "uv": [ 0, 11, 16, 12 ], "texture": "#gray" }
			}
		},
		{
			"__comment": "Box34",
			"from": [ -10.5, -2.5, 17 ],
			"to": [ -3.5, 4.5, 19 ],
			"faces": {
				"down": { "uv": [ 8, 15, 9, 16 ], "texture": "#wheel" },
				"up": { "uv": [ 8, 15, 9, 16 ], "texture": "#wheel" },
				"north": { "uv": [ 0, 0, 16, 16 ], "texture": "#wheel" },
				"south": { "uv": [ 0, 0, 16, 16 ], "texture": "#wheel" },
				"west": { "uv": [ 8, 15, 9, 16 ], "texture": "#wheel" },
				"east": { "uv": [ 8, 15, 9, 16 ], "texture": "#wheel" }
			}
		},
		{
			"__comment": "Box34",
			"from": [ 19.5, -2.5, 17 ],
			"to": [ 26.5, 4.5, 19 ],
			"faces": {
				"down": { "uv": [ 8, 15, 9, 16 ], "texture": "#wheel" },
				"up": { "uv": [ 8, 15, 9, 16 ], "texture": "#wheel" },
				"north": { "uv": [ 0, 0, 16, 16 ], "texture": "#wheel" },
				"south": { "uv": [ 0, 0, 16, 16 ], "texture": "#wheel" },
				"west": { "uv": [ 8, 15, 9, 16 ], "texture": "#wheel" },
				"east": { "uv": [ 8, 15, 9, 16 ], "texture": "#wheel" }
			}
		},
		{
			"__comment": "Box34",
			"from": [ 19.5, -2.5, -4 ],
			"to": [ 26.5, 4.5, -2 ],
			"faces": {
				"down": { "uv": [ 8, 15, 9, 16 ], "texture": "#wheel" },
				"up": { "uv": [ 8, 15, 9, 16 ], "texture": "#wheel" },
				"north": { "uv": [ 0, 0, 16, 16 ], "texture": "#wheel" },
				"south": { "uv": [ 0, 0, 16, 16 ], "texture": "#wheel" },
				"west": { "uv": [ 8, 15, 9, 16 ], "texture": "#wheel" },
				"east": { "uv": [ 8, 15, 9, 16 ], "texture": "#wheel" }
			}
		}
	],
	"display": {
		"gui": {
			"rotation":  [ 20, 41, 0 ],
			"scale":  [ 0.3, 0.3, 0.3 ]
		},
		"head": {
			"rotation":  [ 0, -90, 0 ],
			"translation":  [ 0, -11.82, 0 ],
			"scale":  [ 3, 3, 3 ]
		}
	}
}