{
	"__comment": "http://nullbox.net - Designed by NullBlox with Cubik Studio - http://bdcraft.net",
	"textures": {
		"main": "items/nubx/upgrades/health_module"
	},
	"elements": [ 	 
		{
			"__comment": "Voxels-B70000",
			"from": [ 0, 8.5, 7 ],
			"to": [ 8, 12.5, 7.5 ],
			"faces": {
				"down": { "uv": [ 2.48, 0.4799995, 3.52, 1.52 ], "texture": "#main" },
				"up": { "uv": [ 2.48, 0.4799995, 3.52, 1.52 ], "texture": "#main" },
				"north": { "uv": [ 2.48, 0.4799995, 3.52, 1.52 ], "texture": "#main" },
				"south": { "uv": [ 2.48, 0.4799995, 3.52, 1.52 ], "texture": "#main" },
				"west": { "uv": [ 2.48, 0.4799995, 3.52, 1.52 ], "texture": "#main", "cullface": "west" }
			}
		},
		{
			"__comment": "Voxels-B70000",
			"from": [ 0, 12.5, 7 ],
			"to": [ 8, 13, 7.5 ],
			"faces": {
				"up": { "uv": [ 2.48, 0.4799995, 3.52, 1.52 ], "texture": "#main" },
				"north": { "uv": [ 2.48, 0.4799995, 3.52, 1.52 ], "texture": "#main" },
				"south": { "uv": [ 2.48, 0.4799995, 3.52, 1.52 ], "texture": "#main" },
				"west": { "uv": [ 2.48, 0.4799995, 3.52, 1.52 ], "texture": "#main", "cullface": "west" }
			}
		},
		{
			"__comment": "Voxels-B70000",
			"from": [ 0.5, 8, 7 ],
			"to": [ 8, 8.5, 7.5 ],
			"faces": {
				"down": { "uv": [ 2.48, 0.4799995, 3.52, 1.52 ], "texture": "#main" },
				"north": { "uv": [ 2.48, 0.4799995, 3.52, 1.52 ], "texture": "#main" },
				"south": { "uv": [ 2.48, 0.4799995, 3.52, 1.52 ], "texture": "#main" },
				"west": { "uv": [ 2.48, 0.4799995, 3.52, 1.52 ], "texture": "#main" }
			}
		},
		{
			"__comment": "Voxels-B70000",
			"from": [ 0.5, 8.5, 7.5 ],
			"to": [ 8, 12.5, 8 ],
			"faces": {
				"down": { "uv": [ 2.48, 0.4799995, 3.52, 1.52 ], "texture": "#main" },
				"up": { "uv": [ 2.48, 0.4799995, 3.52, 1.52 ], "texture": "#main" },
				"south": { "uv": [ 2.48, 0.4799995, 3.52, 1.52 ], "texture": "#main" },
				"west": { "uv": [ 2.48, 0.4799995, 3.52, 1.52 ], "texture": "#main" }
			}
		},
		{
			"__comment": "Voxels-B70000",
			"from": [ 0.5, 9, 6.5 ],
			"to": [ 8, 12.5, 7 ],
			"faces": {
				"down": { "uv": [ 2.48, 0.4799995, 3.52, 1.52 ], "texture": "#main" },
				"up": { "uv": [ 2.48, 0.4799995, 3.52, 1.52 ], "texture": "#main" },
				"north": { "uv": [ 2.48, 0.4799995, 3.52, 1.52 ], "texture": "#main" },
				"west": { "uv": [ 2.48, 0.4799995, 3.52, 1.52 ], "texture": "#main" }
			}
		},
		{
			"__comment": "Voxels-B70000",
			"from": [ 0.5, 12.5, 6.5 ],
			"to": [ 7.5, 13, 7 ],
			"faces": {
				"up": { "uv": [ 2.48, 0.4799995, 3.52, 1.52 ], "texture": "#main" },
				"north": { "uv": [ 2.48, 0.4799995, 3.52, 1.52 ], "texture": "#main" },
				"west": { "uv": [ 2.48, 0.4799995, 3.52, 1.52 ], "texture": "#main" },
				"east": { "uv": [ 2.48, 0.4799995, 3.52, 1.52 ], "texture": "#main" }
			}
		},
		{
			"__comment": "Voxels-B70000",
			"from": [ 0.5, 12.5, 7.5 ],
			"to": [ 7.5, 13, 8 ],
			"faces": {
				"up": { "uv": [ 2.48, 0.4799995, 3.52, 1.52 ], "texture": "#main" },
				"south": { "uv": [ 2.48, 0.4799995, 3.52, 1.52 ], "texture": "#main" },
				"west": { "uv": [ 2.48, 0.4799995, 3.52, 1.52 ], "texture": "#main" },
				"east": { "uv": [ 2.48, 0.4799995, 3.52, 1.52 ], "texture": "#main" }
			}
		},
		{
			"__comment": "Voxels-B70000",
			"from": [ 0.5, 13, 7 ],
			"to": [ 7.5, 13.5, 7.5 ],
			"faces": {
				"up": { "uv": [ 2.48, 0.4799995, 3.52, 1.52 ], "texture": "#main" },
				"north": { "uv": [ 2.48, 0.4799995, 3.52, 1.52 ], "texture": "#main" },
				"south": { "uv": [ 2.48, 0.4799995, 3.52, 1.52 ], "texture": "#main" },
				"west": { "uv": [ 2.48, 0.4799995, 3.52, 1.52 ], "texture": "#main" },
				"east": { "uv": [ 2.48, 0.4799995, 3.52, 1.52 ], "texture": "#main" }
			}
		},
		{
			"__comment": "Voxels-B70000",
			"from": [ 1, 7.5, 7 ],
			"to": [ 8, 8, 7.5 ],
			"faces": {
				"down": { "uv": [ 2.48, 0.4799995, 3.52, 1.52 ], "texture": "#main" },
				"up": { "uv": [ 2.48, 0.4799995, 3.52, 1.52 ], "texture": "#main" },
				"north": { "uv": [ 2.48, 0.4799995, 3.52, 1.52 ], "texture": "#main" },
				"south": { "uv": [ 2.48, 0.4799995, 3.52, 1.52 ], "texture": "#main" },
				"west": { "uv": [ 2.48, 0.4799995, 3.52, 1.52 ], "texture": "#main" }
			}
		},
		{
			"__comment": "Voxels-B70000",
			"from": [ 1, 8, 7.5 ],
			"to": [ 8, 8.5, 8 ],
			"faces": {
				"down": { "uv": [ 2.48, 0.4799995, 3.52, 1.52 ], "texture": "#main" },
				"south": { "uv": [ 2.48, 0.4799995, 3.52, 1.52 ], "texture": "#main" },
				"west": { "uv": [ 2.48, 0.4799995, 3.52, 1.52 ], "texture": "#main" }
			}
		},
		{
			"__comment": "Voxels-B70000",
			"from": [ 1, 8.5, 6.5 ],
			"to": [ 8, 9, 7 ],
			"faces": {
				"down": { "uv": [ 2.48, 0.4799995, 3.52, 1.52 ], "texture": "#main" },
				"north": { "uv": [ 2.48, 0.4799995, 3.52, 1.52 ], "texture": "#main" },
				"west": { "uv": [ 2.48, 0.4799995, 3.52, 1.52 ], "texture": "#main" }
			}
		},
		{
			"__comment": "Voxels-B70000",
			"from": [ 1, 13, 6.5 ],
			"to": [ 7, 13.5, 7 ],
			"faces": {
				"up": { "uv": [ 2.48, 0.4799995, 3.52, 1.52 ], "texture": "#main" },
				"north": { "uv": [ 2.48, 0.4799995, 3.52, 1.52 ], "texture": "#main" },
				"west": { "uv": [ 2.48, 0.4799995, 3.52, 1.52 ], "texture": "#main" },
				"east": { "uv": [ 2.48, 0.4799995, 3.52, 1.52 ], "texture": "#main" }
			}
		},
		{
			"__comment": "Voxels-B70000",
			"from": [ 1, 13, 7.5 ],
			"to": [ 7, 13.5, 8 ],
			"faces": {
				"up": { "uv": [ 2.48, 0.4799995, 3.52, 1.52 ], "texture": "#main" },
				"south": { "uv": [ 2.48, 0.4799995, 3.52, 1.52 ], "texture": "#main" },
				"west": { "uv": [ 2.48, 0.4799995, 3.52, 1.52 ], "texture": "#main" },
				"east": { "uv": [ 2.48, 0.4799995, 3.52, 1.52 ], "texture": "#main" }
			}
		},
		{
			"__comment": "Voxels-B70000",
			"from": [ 1, 13.5, 7 ],
			"to": [ 7, 14, 7.5 ],
			"faces": {
				"up": { "uv": [ 2.48, 0.4799995, 3.52, 1.52 ], "texture": "#main" },
				"north": { "uv": [ 2.48, 0.4799995, 3.52, 1.52 ], "texture": "#main" },
				"south": { "uv": [ 2.48, 0.4799995, 3.52, 1.52 ], "texture": "#main" },
				"west": { "uv": [ 2.48, 0.4799995, 3.52, 1.52 ], "texture": "#main" },
				"east": { "uv": [ 2.48, 0.4799995, 3.52, 1.52 ], "texture": "#main" }
			}
		},
		{
			"__comment": "Voxels-B70000",
			"from": [ 1.5, 7, 7 ],
			"to": [ 8, 7.5, 7.5 ],
			"faces": {
				"down": { "uv": [ 2.48, 0.4799995, 3.52, 1.52 ], "texture": "#main" },
				"north": { "uv": [ 2.48, 0.4799995, 3.52, 1.52 ], "texture": "#main" },
				"south": { "uv": [ 2.48, 0.4799995, 3.52, 1.52 ], "texture": "#main" },
				"west": { "uv": [ 2.48, 0.4799995, 3.52, 1.52 ], "texture": "#main" }
			}
		},
		{
			"__comment": "Voxels-B70000",
			"from": [ 1.5, 7.5, 7.5 ],
			"to": [ 8, 8, 8 ],
			"faces": {
				"down": { "uv": [ 2.48, 0.4799995, 3.52, 1.52 ], "texture": "#main" },
				"south": { "uv": [ 2.48, 0.4799995, 3.52, 1.52 ], "texture": "#main" },
				"west": { "uv": [ 2.48, 0.4799995, 3.52, 1.52 ], "texture": "#main" }
			}
		},
		{
			"__comment": "Voxels-B70000",
			"from": [ 1.5, 8, 6.5 ],
			"to": [ 8, 8.5, 7 ],
			"faces": {
				"down": { "uv": [ 2.48, 0.4799995, 3.52, 1.52 ], "texture": "#main" },
				"north": { "uv": [ 2.48, 0.4799995, 3.52, 1.52 ], "texture": "#main" },
				"west": { "uv": [ 2.48, 0.4799995, 3.52, 1.52 ], "texture": "#main" }
			}
		},
		{
			"__comment": "Voxels-B70000",
			"from": [ 1.5, 13.5, 6.5 ],
			"to": [ 6.5, 14, 7 ],
			"faces": {
				"up": { "uv": [ 2.48, 0.4799995, 3.52, 1.52 ], "texture": "#main" },
				"north": { "uv": [ 2.48, 0.4799995, 3.52, 1.52 ], "texture": "#main" },
				"west": { "uv": [ 2.48, 0.4799995, 3.52, 1.52 ], "texture": "#main" },
				"east": { "uv": [ 2.48, 0.4799995, 3.52, 1.52 ], "texture": "#main" }
			}
		},
		{
			"__comment": "Voxels-B70000",
			"from": [ 1.5, 13.5, 7.5 ],
			"to": [ 6.5, 14, 8 ],
			"faces": {
				"up": { "uv": [ 2.48, 0.4799995, 3.52, 1.52 ], "texture": "#main" },
				"south": { "uv": [ 2.48, 0.4799995, 3.52, 1.52 ], "texture": "#main" },
				"west": { "uv": [ 2.48, 0.4799995, 3.52, 1.52 ], "texture": "#main" },
				"east": { "uv": [ 2.48, 0.4799995, 3.52, 1.52 ], "texture": "#main" }
			}
		},
		{
			"__comment": "Voxels-B70000",
			"from": [ 1.5, 14, 7 ],
			"to": [ 6.5, 14.5, 7.5 ],
			"faces": {
				"up": { "uv": [ 2.48, 0.4799995, 3.52, 1.52 ], "texture": "#main" },
				"north": { "uv": [ 2.48, 0.4799995, 3.52, 1.52 ], "texture": "#main" },
				"south": { "uv": [ 2.48, 0.4799995, 3.52, 1.52 ], "texture": "#main" },
				"west": { "uv": [ 2.48, 0.4799995, 3.52, 1.52 ], "texture": "#main" },
				"east": { "uv": [ 2.48, 0.4799995, 3.52, 1.52 ], "texture": "#main" }
			}
		},
		{
			"__comment": "Voxels-B70000",
			"from": [ 2, 6.5, 7 ],
			"to": [ 8, 7, 7.5 ],
			"faces": {
				"down": { "uv": [ 2.48, 0.4799995, 3.52, 1.52 ], "texture": "#main" },
				"up": { "uv": [ 2.48, 0.4799995, 3.52, 1.52 ], "texture": "#main" },
				"north": { "uv": [ 2.48, 0.4799995, 3.52, 1.52 ], "texture": "#main" },
				"south": { "uv": [ 2.48, 0.4799995, 3.52, 1.52 ], "texture": "#main" },
				"west": { "uv": [ 2.48, 0.4799995, 3.52, 1.52 ], "texture": "#main" }
			}
		},
		{
			"__comment": "Voxels-B70000",
			"from": [ 2, 7, 7.5 ],
			"to": [ 8, 7.5, 8 ],
			"faces": {
				"down": { "uv": [ 2.48, 0.4799995, 3.52, 1.52 ], "texture": "#main" },
				"south": { "uv": [ 2.48, 0.4799995, 3.52, 1.52 ], "texture": "#main" },
				"west": { "uv": [ 2.48, 0.4799995, 3.52, 1.52 ], "texture": "#main" }
			}
		},
		{
			"__comment": "Voxels-B70000",
			"from": [ 2, 7.5, 6.5 ],
			"to": [ 8, 8, 7 ],
			"faces": {
				"down": { "uv": [ 2.48, 0.4799995, 3.52, 1.52 ], "texture": "#main" },
				"north": { "uv": [ 2.48, 0.4799995, 3.52, 1.52 ], "texture": "#main" },
				"west": { "uv": [ 2.48, 0.4799995, 3.52, 1.52 ], "texture": "#main" }
			}
		},
		{
			"__comment": "Voxels-B70000",
			"from": [ 2, 14, 6.5 ],
			"to": [ 6, 14.5, 7 ],
			"faces": {
				"up": { "uv": [ 2.48, 0.4799995, 3.52, 1.52 ], "texture": "#main" },
				"north": { "uv": [ 2.48, 0.4799995, 3.52, 1.52 ], "texture": "#main" },
				"west": { "uv": [ 2.48, 0.4799995, 3.52, 1.52 ], "texture": "#main" },
				"east": { "uv": [ 2.48, 0.4799995, 3.52, 1.52 ], "texture": "#main" }
			}
		},
		{
			"__comment": "Voxels-B70000",
			"from": [ 2, 14, 7.5 ],
			"to": [ 6, 14.5, 8 ],
			"faces": {
				"up": { "uv": [ 2.48, 0.4799995, 3.52, 1.52 ], "texture": "#main" },
				"south": { "uv": [ 2.48, 0.4799995, 3.52, 1.52 ], "texture": "#main" },
				"west": { "uv": [ 2.48, 0.4799995, 3.52, 1.52 ], "texture": "#main" },
				"east": { "uv": [ 2.48, 0.4799995, 3.52, 1.52 ], "texture": "#main" }
			}
		},
		{
			"__comment": "Voxels-B70000",
			"from": [ 2, 14.5, 7 ],
			"to": [ 6, 15, 7.5 ],
			"faces": {
				"up": { "uv": [ 2.48, 0.4799995, 3.52, 1.52 ], "texture": "#main" },
				"north": { "uv": [ 2.48, 0.4799995, 3.52, 1.52 ], "texture": "#main" },
				"south": { "uv": [ 2.48, 0.4799995, 3.52, 1.52 ], "texture": "#main" },
				"west": { "uv": [ 2.48, 0.4799995, 3.52, 1.52 ], "texture": "#main" },
				"east": { "uv": [ 2.48, 0.4799995, 3.52, 1.52 ], "texture": "#main" }
			}
		},
		{
			"__comment": "Voxels-B70000",
			"from": [ 2.5, 6, 7 ],
			"to": [ 8, 6.5, 7.5 ],
			"faces": {
				"down": { "uv": [ 2.48, 0.4799995, 3.52, 1.52 ], "texture": "#main" },
				"north": { "uv": [ 2.48, 0.4799995, 3.52, 1.52 ], "texture": "#main" },
				"south": { "uv": [ 2.48, 0.4799995, 3.52, 1.52 ], "texture": "#main" },
				"west": { "uv": [ 2.48, 0.4799995, 3.52, 1.52 ], "texture": "#main" }
			}
		},
		{
			"__comment": "Voxels-B70000",
			"from": [ 2.5, 6.5, 7.5 ],
			"to": [ 8, 7, 8 ],
			"faces": {
				"down": { "uv": [ 2.48, 0.4799995, 3.52, 1.52 ], "texture": "#main" },
				"south": { "uv": [ 2.48, 0.4799995, 3.52, 1.52 ], "texture": "#main" },
				"west": { "uv": [ 2.48, 0.4799995, 3.52, 1.52 ], "texture": "#main" }
			}
		},
		{
			"__comment": "Voxels-B70000",
			"from": [ 2.5, 7, 6.5 ],
			"to": [ 8, 7.5, 7 ],
			"faces": {
				"down": { "uv": [ 2.48, 0.4799995, 3.52, 1.52 ], "texture": "#main" },
				"north": { "uv": [ 2.48, 0.4799995, 3.52, 1.52 ], "texture": "#main" },
				"west": { "uv": [ 2.48, 0.4799995, 3.52, 1.52 ], "texture": "#main" }
			}
		},
		{
			"__comment": "Voxels-B70000",
			"from": [ 3, 5.5, 7 ],
			"to": [ 8, 6, 7.5 ],
			"faces": {
				"down": { "uv": [ 2.48, 0.4799995, 3.52, 1.52 ], "texture": "#main" },
				"up": { "uv": [ 2.48, 0.4799995, 3.52, 1.52 ], "texture": "#main" },
				"north": { "uv": [ 2.48, 0.4799995, 3.52, 1.52 ], "texture": "#main" },
				"south": { "uv": [ 2.48, 0.4799995, 3.52, 1.52 ], "texture": "#main" },
				"west": { "uv": [ 2.48, 0.4799995, 3.52, 1.52 ], "texture": "#main" }
			}
		},
		{
			"__comment": "Voxels-B70000",
			"from": [ 3, 6, 7.5 ],
			"to": [ 8, 6.5, 8 ],
			"faces": {
				"down": { "uv": [ 2.48, 0.4799995, 3.52, 1.52 ], "texture": "#main" },
				"south": { "uv": [ 2.48, 0.4799995, 3.52, 1.52 ], "texture": "#main" },
				"west": { "uv": [ 2.48, 0.4799995, 3.52, 1.52 ], "texture": "#main" }
			}
		},
		{
			"__comment": "Voxels-B70000",
			"from": [ 3, 6.5, 6.5 ],
			"to": [ 8, 7, 7 ],
			"faces": {
				"down": { "uv": [ 2.48, 0.4799995, 3.52, 1.52 ], "texture": "#main" },
				"north": { "uv": [ 2.48, 0.4799995, 3.52, 1.52 ], "texture": "#main" },
				"west": { "uv": [ 2.48, 0.4799995, 3.52, 1.52 ], "texture": "#main" }
			}
		},
		{
			"__comment": "Voxels-B70000",
			"from": [ 3.5, 5, 7 ],
			"to": [ 8, 5.5, 7.5 ],
			"faces": {
				"down": { "uv": [ 2.48, 0.4799995, 3.52, 1.52 ], "texture": "#main" },
				"north": { "uv": [ 2.48, 0.4799995, 3.52, 1.52 ], "texture": "#main" },
				"south": { "uv": [ 2.48, 0.4799995, 3.52, 1.52 ], "texture": "#main" },
				"west": { "uv": [ 2.48, 0.4799995, 3.52, 1.52 ], "texture": "#main" }
			}
		},
		{
			"__comment": "Voxels-B70000",
			"from": [ 3.5, 5.5, 7.5 ],
			"to": [ 8, 6, 8 ],
			"faces": {
				"down": { "uv": [ 2.48, 0.4799995, 3.52, 1.52 ], "texture": "#main" },
				"south": { "uv": [ 2.48, 0.4799995, 3.52, 1.52 ], "texture": "#main" },
				"west": { "uv": [ 2.48, 0.4799995, 3.52, 1.52 ], "texture": "#main" }
			}
		},
		{
			"__comment": "Voxels-B70000",
			"from": [ 3.5, 6, 6.5 ],
			"to": [ 8, 6.5, 7 ],
			"faces": {
				"down": { "uv": [ 2.48, 0.4799995, 3.52, 1.52 ], "texture": "#main" },
				"north": { "uv": [ 2.48, 0.4799995, 3.52, 1.52 ], "texture": "#main" },
				"west": { "uv": [ 2.48, 0.4799995, 3.52, 1.52 ], "texture": "#main" }
			}
		},
		{
			"__comment": "Voxels-B70000",
			"from": [ 4, 4.5, 7 ],
			"to": [ 8, 5, 7.5 ],
			"faces": {
				"down": { "uv": [ 2.48, 0.4799995, 3.52, 1.52 ], "texture": "#main" },
				"up": { "uv": [ 2.48, 0.4799995, 3.52, 1.52 ], "texture": "#main" },
				"north": { "uv": [ 2.48, 0.4799995, 3.52, 1.52 ], "texture": "#main" },
				"south": { "uv": [ 2.48, 0.4799995, 3.52, 1.52 ], "texture": "#main" },
				"west": { "uv": [ 2.48, 0.4799995, 3.52, 1.52 ], "texture": "#main" }
			}
		},
		{
			"__comment": "Voxels-B70000",
			"from": [ 4, 5, 6.5 ],
			"to": [ 8, 6, 7 ],
			"faces": {
				"down": { "uv": [ 2.48, 0.4799995, 3.52, 1.52 ], "texture": "#main" },
				"north": { "uv": [ 2.48, 0.4799995, 3.52, 1.52 ], "texture": "#main" },
				"south": { "uv": [ 2.48, 0.4799995, 3.52, 1.52 ], "texture": "#main" },
				"west": { "uv": [ 2.48, 0.4799995, 3.52, 1.52 ], "texture": "#main" }
			}
		},
		{
			"__comment": "Voxels-B70000",
			"from": [ 4, 5, 7.5 ],
			"to": [ 8, 5.5, 8 ],
			"faces": {
				"down": { "uv": [ 2.48, 0.4799995, 3.52, 1.52 ], "texture": "#main" },
				"south": { "uv": [ 2.48, 0.4799995, 3.52, 1.52 ], "texture": "#main" },
				"west": { "uv": [ 2.48, 0.4799995, 3.52, 1.52 ], "texture": "#main" }
			}
		},
		{
			"__comment": "Voxels-B70000",
			"from": [ 4.5, 4, 7 ],
			"to": [ 8, 4.5, 7.5 ],
			"faces": {
				"down": { "uv": [ 2.48, 0.4799995, 3.52, 1.52 ], "texture": "#main" },
				"north": { "uv": [ 2.48, 0.4799995, 3.52, 1.52 ], "texture": "#main" },
				"south": { "uv": [ 2.48, 0.4799995, 3.52, 1.52 ], "texture": "#main" },
				"west": { "uv": [ 2.48, 0.4799995, 3.52, 1.52 ], "texture": "#main" }
			}
		},
		{
			"__comment": "Voxels-B70000",
			"from": [ 4.5, 4.5, 6.5 ],
			"to": [ 8, 5, 7 ],
			"faces": {
				"down": { "uv": [ 2.48, 0.4799995, 3.52, 1.52 ], "texture": "#main" },
				"north": { "uv": [ 2.48, 0.4799995, 3.52, 1.52 ], "texture": "#main" },
				"west": { "uv": [ 2.48, 0.4799995, 3.52, 1.52 ], "texture": "#main" }
			}
		},
		{
			"__comment": "Voxels-B70000",
			"from": [ 4.5, 4.5, 7.5 ],
			"to": [ 8, 5, 8 ],
			"faces": {
				"down": { "uv": [ 2.48, 0.4799995, 3.52, 1.52 ], "texture": "#main" },
				"south": { "uv": [ 2.48, 0.4799995, 3.52, 1.52 ], "texture": "#main" },
				"west": { "uv": [ 2.48, 0.4799995, 3.52, 1.52 ], "texture": "#main" }
			}
		},
		{
			"__comment": "Voxels-B70000",
			"from": [ 5, 3.5, 7 ],
			"to": [ 8, 4, 7.5 ],
			"faces": {
				"down": { "uv": [ 2.48, 0.4799995, 3.52, 1.52 ], "texture": "#main" },
				"up": { "uv": [ 2.48, 0.4799995, 3.52, 1.52 ], "texture": "#main" },
				"north": { "uv": [ 2.48, 0.4799995, 3.52, 1.52 ], "texture": "#main" },
				"south": { "uv": [ 2.48, 0.4799995, 3.52, 1.52 ], "texture": "#main" },
				"west": { "uv": [ 2.48, 0.4799995, 3.52, 1.52 ], "texture": "#main" }
			}
		},
		{
			"__comment": "Voxels-B70000",
			"from": [ 5, 4, 6.5 ],
			"to": [ 8, 4.5, 7 ],
			"faces": {
				"down": { "uv": [ 2.48, 0.4799995, 3.52, 1.52 ], "texture": "#main" },
				"north": { "uv": [ 2.48, 0.4799995, 3.52, 1.52 ], "texture": "#main" },
				"west": { "uv": [ 2.48, 0.4799995, 3.52, 1.52 ], "texture": "#main" }
			}
		},
		{
			"__comment": "Voxels-B70000",
			"from": [ 5, 4, 7.5 ],
			"to": [ 8, 4.5, 8 ],
			"faces": {
				"down": { "uv": [ 2.48, 0.4799995, 3.52, 1.52 ], "texture": "#main" },
				"south": { "uv": [ 2.48, 0.4799995, 3.52, 1.52 ], "texture": "#main" },
				"west": { "uv": [ 2.48, 0.4799995, 3.52, 1.52 ], "texture": "#main" }
			}
		},
		{
			"__comment": "Voxels-B70000",
			"from": [ 5.5, 3, 7 ],
			"to": [ 8, 3.5, 7.5 ],
			"faces": {
				"down": { "uv": [ 2.48, 0.4799995, 3.52, 1.52 ], "texture": "#main" },
				"north": { "uv": [ 2.48, 0.4799995, 3.52, 1.52 ], "texture": "#main" },
				"south": { "uv": [ 2.48, 0.4799995, 3.52, 1.52 ], "texture": "#main" },
				"west": { "uv": [ 2.48, 0.4799995, 3.52, 1.52 ], "texture": "#main" }
			}
		},
		{
			"__comment": "Voxels-B70000",
			"from": [ 5.5, 3.5, 6.5 ],
			"to": [ 8, 4, 7 ],
			"faces": {
				"down": { "uv": [ 2.48, 0.4799995, 3.52, 1.52 ], "texture": "#main" },
				"north": { "uv": [ 2.48, 0.4799995, 3.52, 1.52 ], "texture": "#main" },
				"west": { "uv": [ 2.48, 0.4799995, 3.52, 1.52 ], "texture": "#main" }
			}
		},
		{
			"__comment": "Voxels-B70000",
			"from": [ 5.5, 3.5, 7.5 ],
			"to": [ 8, 4, 8 ],
			"faces": {
				"down": { "uv": [ 2.48, 0.4799995, 3.52, 1.52 ], "texture": "#main" },
				"south": { "uv": [ 2.48, 0.4799995, 3.52, 1.52 ], "texture": "#main" },
				"west": { "uv": [ 2.48, 0.4799995, 3.52, 1.52 ], "texture": "#main" }
			}
		},
		{
			"__comment": "Voxels-B70000",
			"from": [ 6, 2.5, 7 ],
			"to": [ 8, 3, 7.5 ],
			"faces": {
				"down": { "uv": [ 2.48, 0.4799995, 3.52, 1.52 ], "texture": "#main" },
				"up": { "uv": [ 2.48, 0.4799995, 3.52, 1.52 ], "texture": "#main" },
				"north": { "uv": [ 2.48, 0.4799995, 3.52, 1.52 ], "texture": "#main" },
				"south": { "uv": [ 2.48, 0.4799995, 3.52, 1.52 ], "texture": "#main" },
				"west": { "uv": [ 2.48, 0.4799995, 3.52, 1.52 ], "texture": "#main" }
			}
		},
		{
			"__comment": "Voxels-B70000",
			"from": [ 6, 3, 6.5 ],
			"to": [ 8, 3.5, 7 ],
			"faces": {
				"down": { "uv": [ 2.48, 0.4799995, 3.52, 1.52 ], "texture": "#main" },
				"north": { "uv": [ 2.48, 0.4799995, 3.52, 1.52 ], "texture": "#main" },
				"west": { "uv": [ 2.48, 0.4799995, 3.52, 1.52 ], "texture": "#main" }
			}
		},
		{
			"__comment": "Voxels-B70000",
			"from": [ 6, 3, 7.5 ],
			"to": [ 8, 3.5, 8 ],
			"faces": {
				"down": { "uv": [ 2.48, 0.4799995, 3.52, 1.52 ], "texture": "#main" },
				"south": { "uv": [ 2.48, 0.4799995, 3.52, 1.52 ], "texture": "#main" },
				"west": { "uv": [ 2.48, 0.4799995, 3.52, 1.52 ], "texture": "#main" }
			}
		},
		{
			"__comment": "Voxels-B70000",
			"from": [ 6.5, 2, 7 ],
			"to": [ 8, 2.5, 7.5 ],
			"faces": {
				"down": { "uv": [ 2.48, 0.4799995, 3.52, 1.52 ], "texture": "#main" },
				"north": { "uv": [ 2.48, 0.4799995, 3.52, 1.52 ], "texture": "#main" },
				"south": { "uv": [ 2.48, 0.4799995, 3.52, 1.52 ], "texture": "#main" },
				"west": { "uv": [ 2.48, 0.4799995, 3.52, 1.52 ], "texture": "#main" }
			}
		},
		{
			"__comment": "Voxels-B70000",
			"from": [ 6.5, 2.5, 6.5 ],
			"to": [ 8, 3, 7 ],
			"faces": {
				"down": { "uv": [ 2.48, 0.4799995, 3.52, 1.52 ], "texture": "#main" },
				"north": { "uv": [ 2.48, 0.4799995, 3.52, 1.52 ], "texture": "#main" },
				"west": { "uv": [ 2.48, 0.4799995, 3.52, 1.52 ], "texture": "#main" }
			}
		},
		{
			"__comment": "Voxels-B70000",
			"from": [ 6.5, 2.5, 7.5 ],
			"to": [ 8, 3, 8 ],
			"faces": {
				"down": { "uv": [ 2.48, 0.4799995, 3.52, 1.52 ], "texture": "#main" },
				"south": { "uv": [ 2.48, 0.4799995, 3.52, 1.52 ], "texture": "#main" },
				"west": { "uv": [ 2.48, 0.4799995, 3.52, 1.52 ], "texture": "#main" }
			}
		},
		{
			"__comment": "Voxels-B70000",
			"from": [ 7, 1.5, 7 ],
			"to": [ 8, 2, 7.5 ],
			"faces": {
				"down": { "uv": [ 2.48, 0.4799995, 3.52, 1.52 ], "texture": "#main" },
				"up": { "uv": [ 2.48, 0.4799995, 3.52, 1.52 ], "texture": "#main" },
				"north": { "uv": [ 2.48, 0.4799995, 3.52, 1.52 ], "texture": "#main" },
				"south": { "uv": [ 2.48, 0.4799995, 3.52, 1.52 ], "texture": "#main" },
				"west": { "uv": [ 2.48, 0.4799995, 3.52, 1.52 ], "texture": "#main" }
			}
		},
		{
			"__comment": "Voxels-B70000",
			"from": [ 7, 2, 6.5 ],
			"to": [ 8, 2.5, 7 ],
			"faces": {
				"down": { "uv": [ 2.48, 0.4799995, 3.52, 1.52 ], "texture": "#main" },
				"north": { "uv": [ 2.48, 0.4799995, 3.52, 1.52 ], "texture": "#main" },
				"west": { "uv": [ 2.48, 0.4799995, 3.52, 1.52 ], "texture": "#main" }
			}
		},
		{
			"__comment": "Voxels-B70000",
			"from": [ 7, 2, 7.5 ],
			"to": [ 8, 2.5, 8 ],
			"faces": {
				"down": { "uv": [ 2.48, 0.4799995, 3.52, 1.52 ], "texture": "#main" },
				"south": { "uv": [ 2.48, 0.4799995, 3.52, 1.52 ], "texture": "#main" },
				"west": { "uv": [ 2.48, 0.4799995, 3.52, 1.52 ], "texture": "#main" }
			}
		},
		{
			"__comment": "Voxels-B70000",
			"from": [ 7.5, 1, 7 ],
			"to": [ 8, 1.5, 7.5 ],
			"faces": {
				"down": { "uv": [ 2.48, 0.4799995, 3.52, 1.52 ], "texture": "#main" },
				"north": { "uv": [ 2.48, 0.4799995, 3.52, 1.52 ], "texture": "#main" },
				"south": { "uv": [ 2.48, 0.4799995, 3.52, 1.52 ], "texture": "#main" },
				"west": { "uv": [ 2.48, 0.4799995, 3.52, 1.52 ], "texture": "#main" }
			}
		},
		{
			"__comment": "Voxels-B70000",
			"from": [ 7.5, 1.5, 6.5 ],
			"to": [ 8, 2, 7 ],
			"faces": {
				"down": { "uv": [ 2.48, 0.4799995, 3.52, 1.52 ], "texture": "#main" },
				"north": { "uv": [ 2.48, 0.4799995, 3.52, 1.52 ], "texture": "#main" },
				"west": { "uv": [ 2.48, 0.4799995, 3.52, 1.52 ], "texture": "#main" }
			}
		},
		{
			"__comment": "Voxels-B70000",
			"from": [ 7.5, 1.5, 7.5 ],
			"to": [ 8, 2, 8 ],
			"faces": {
				"down": { "uv": [ 2.48, 0.4799995, 3.52, 1.52 ], "texture": "#main" },
				"south": { "uv": [ 2.48, 0.4799995, 3.52, 1.52 ], "texture": "#main" },
				"west": { "uv": [ 2.48, 0.4799995, 3.52, 1.52 ], "texture": "#main" }
			}
		},
		{
			"__comment": "Voxels-0054DE",
			"from": [ 8, 1, 7 ],
			"to": [ 8.5, 1.5, 7.5 ],
			"faces": {
				"down": { "uv": [ 4.48, 0.4799995, 5.52, 1.52 ], "texture": "#main" },
				"north": { "uv": [ 4.48, 0.4799995, 5.52, 1.52 ], "texture": "#main" },
				"south": { "uv": [ 4.48, 0.4799995, 5.52, 1.52 ], "texture": "#main" },
				"east": { "uv": [ 4.48, 0.4799995, 5.52, 1.52 ], "texture": "#main" }
			}
		},
		{
			"__comment": "Voxels-0054DE",
			"from": [ 8, 1.5, 6.5 ],
			"to": [ 8.5, 12.5, 7 ],
			"faces": {
				"down": { "uv": [ 4.48, 0.4799995, 5.52, 1.52 ], "texture": "#main" },
				"up": { "uv": [ 4.48, 0.4799995, 5.52, 1.52 ], "texture": "#main" },
				"north": { "uv": [ 4.48, 0.4799995, 5.52, 1.52 ], "texture": "#main" },
				"south": { "uv": [ 4.48, 0.4799995, 5.52, 1.52 ], "texture": "#main" },
				"west": { "uv": [ 4.48, 0.4799995, 5.52, 1.52 ], "texture": "#main" },
				"east": { "uv": [ 4.48, 0.4799995, 5.52, 1.52 ], "texture": "#main" }
			}
		},
		{
			"__comment": "Voxels-0054DE",
			"from": [ 8, 1.5, 7.5 ],
			"to": [ 8.5, 12.5, 8 ],
			"faces": {
				"down": { "uv": [ 4.48, 0.4799995, 5.52, 1.52 ], "texture": "#main" },
				"up": { "uv": [ 4.48, 0.4799995, 5.52, 1.52 ], "texture": "#main" },
				"north": { "uv": [ 4.48, 0.4799995, 5.52, 1.52 ], "texture": "#main" },
				"south": { "uv": [ 4.48, 0.4799995, 5.52, 1.52 ], "texture": "#main" },
				"west": { "uv": [ 4.48, 0.4799995, 5.52, 1.52 ], "texture": "#main" },
				"east": { "uv": [ 4.48, 0.4799995, 5.52, 1.52 ], "texture": "#main" }
			}
		},
		{
			"__comment": "Voxels-0054DE",
			"from": [ 8, 12.5, 7 ],
			"to": [ 8.5, 13, 7.5 ],
			"faces": {
				"up": { "uv": [ 4.48, 0.4799995, 5.52, 1.52 ], "texture": "#main" },
				"north": { "uv": [ 4.48, 0.4799995, 5.52, 1.52 ], "texture": "#main" },
				"south": { "uv": [ 4.48, 0.4799995, 5.52, 1.52 ], "texture": "#main" }
			}
		},
		{
			"__comment": "Voxels-009DDE",
			"from": [ 8.5, 1.5, 7 ],
			"to": [ 9, 2.5, 7.5 ],
			"faces": {
				"down": { "uv": [ 6.48, 0.4799995, 7.52, 1.52 ], "texture": "#main" },
				"north": { "uv": [ 6.48, 0.4799995, 7.52, 1.52 ], "texture": "#main" },
				"south": { "uv": [ 6.48, 0.4799995, 7.52, 1.52 ], "texture": "#main" },
				"west": { "uv": [ 6.48, 0.4799995, 7.52, 1.52 ], "texture": "#main" },
				"east": { "uv": [ 6.48, 0.4799995, 7.52, 1.52 ], "texture": "#main" }
			}
		},
		{
			"__comment": "Voxels-009DDE",
			"from": [ 8.5, 2, 6.5 ],
			"to": [ 9, 13, 7 ],
			"faces": {
				"down": { "uv": [ 6.48, 0.4799995, 7.52, 1.52 ], "texture": "#main" },
				"up": { "uv": [ 6.48, 0.4799995, 7.52, 1.52 ], "texture": "#main" },
				"north": { "uv": [ 6.48, 0.4799995, 7.52, 1.52 ], "texture": "#main" },
				"south": { "uv": [ 6.48, 0.4799995, 7.52, 1.52 ], "texture": "#main" },
				"west": { "uv": [ 6.48, 0.4799995, 7.52, 1.52 ], "texture": "#main" },
				"east": { "uv": [ 6.48, 0.4799995, 7.52, 1.52 ], "texture": "#main" }
			}
		},
		{
			"__comment": "Voxels-009DDE",
			"from": [ 8.5, 2, 7.5 ],
			"to": [ 9, 13, 8 ],
			"faces": {
				"down": { "uv": [ 6.48, 0.4799995, 7.52, 1.52 ], "texture": "#main" },
				"up": { "uv": [ 6.48, 0.4799995, 7.52, 1.52 ], "texture": "#main" },
				"north": { "uv": [ 6.48, 0.4799995, 7.52, 1.52 ], "texture": "#main" },
				"south": { "uv": [ 6.48, 0.4799995, 7.52, 1.52 ], "texture": "#main" },
				"west": { "uv": [ 6.48, 0.4799995, 7.52, 1.52 ], "texture": "#main" },
				"east": { "uv": [ 6.48, 0.4799995, 7.52, 1.52 ], "texture": "#main" }
			}
		},
		{
			"__comment": "Voxels-009DDE",
			"from": [ 8.5, 12.5, 7 ],
			"to": [ 9, 13.5, 7.5 ],
			"faces": {
				"up": { "uv": [ 6.48, 0.4799995, 7.52, 1.52 ], "texture": "#main" },
				"north": { "uv": [ 6.48, 0.4799995, 7.52, 1.52 ], "texture": "#main" },
				"south": { "uv": [ 6.48, 0.4799995, 7.52, 1.52 ], "texture": "#main" },
				"west": { "uv": [ 6.48, 0.4799995, 7.52, 1.52 ], "texture": "#main" }
			}
		},
		{
			"__comment": "Voxels-00DEDE",
			"from": [ 9, 2, 7 ],
			"to": [ 9.5, 2.5, 7.5 ],
			"faces": {
				"down": { "uv": [ 8.48, 0.4799995, 9.52, 1.52 ], "texture": "#main" },
				"north": { "uv": [ 8.48, 0.4799995, 9.52, 1.52 ], "texture": "#main" },
				"south": { "uv": [ 8.48, 0.4799995, 9.52, 1.52 ], "texture": "#main" },
				"east": { "uv": [ 8.48, 0.4799995, 9.52, 1.52 ], "texture": "#main" }
			}
		},
		{
			"__comment": "Voxels-00DEDE",
			"from": [ 9, 2.5, 6.5 ],
			"to": [ 9.5, 13.5, 7 ],
			"faces": {
				"down": { "uv": [ 8.48, 0.4799995, 9.52, 1.52 ], "texture": "#main" },
				"up": { "uv": [ 8.48, 0.4799995, 9.52, 1.52 ], "texture": "#main" },
				"north": { "uv": [ 8.48, 0.4799995, 9.52, 1.52 ], "texture": "#main" },
				"south": { "uv": [ 8.48, 0.4799995, 9.52, 1.52 ], "texture": "#main" },
				"west": { "uv": [ 8.48, 0.4799995, 9.52, 1.52 ], "texture": "#main" },
				"east": { "uv": [ 8.48, 0.4799995, 9.52, 1.52 ], "texture": "#main" }
			}
		},
		{
			"__comment": "Voxels-00DEDE",
			"from": [ 9, 2.5, 7.5 ],
			"to": [ 9.5, 13.5, 8 ],
			"faces": {
				"down": { "uv": [ 8.48, 0.4799995, 9.52, 1.52 ], "texture": "#main" },
				"up": { "uv": [ 8.48, 0.4799995, 9.52, 1.52 ], "texture": "#main" },
				"north": { "uv": [ 8.48, 0.4799995, 9.52, 1.52 ], "texture": "#main" },
				"south": { "uv": [ 8.48, 0.4799995, 9.52, 1.52 ], "texture": "#main" },
				"west": { "uv": [ 8.48, 0.4799995, 9.52, 1.52 ], "texture": "#main" },
				"east": { "uv": [ 8.48, 0.4799995, 9.52, 1.52 ], "texture": "#main" }
			}
		},
		{
			"__comment": "Voxels-00DEDE",
			"from": [ 9, 12.5, 7 ],
			"to": [ 9.5, 14, 7.5 ],
			"faces": {
				"up": { "uv": [ 8.48, 0.4799995, 9.52, 1.52 ], "texture": "#main" },
				"north": { "uv": [ 8.48, 0.4799995, 9.52, 1.52 ], "texture": "#main" },
				"south": { "uv": [ 8.48, 0.4799995, 9.52, 1.52 ], "texture": "#main" },
				"west": { "uv": [ 8.48, 0.4799995, 9.52, 1.52 ], "texture": "#main" }
			}
		},
		{
			"__comment": "Voxels-00DE89",
			"from": [ 9.5, 2.5, 7 ],
			"to": [ 10, 3.5, 7.5 ],
			"faces": {
				"down": { "uv": [ 10.48, 0.4799995, 11.52, 1.52 ], "texture": "#main" },
				"north": { "uv": [ 10.48, 0.4799995, 11.52, 1.52 ], "texture": "#main" },
				"south": { "uv": [ 10.48, 0.4799995, 11.52, 1.52 ], "texture": "#main" },
				"west": { "uv": [ 10.48, 0.4799995, 11.52, 1.52 ], "texture": "#main" },
				"east": { "uv": [ 10.48, 0.4799995, 11.52, 1.52 ], "texture": "#main" }
			}
		},
		{
			"__comment": "Voxels-00DE89",
			"from": [ 9.5, 3, 6.5 ],
			"to": [ 10, 14, 7 ],
			"faces": {
				"down": { "uv": [ 10.48, 0.4799995, 11.52, 1.52 ], "texture": "#main" },
				"up": { "uv": [ 10.48, 0.4799995, 11.52, 1.52 ], "texture": "#main" },
				"north": { "uv": [ 10.48, 0.4799995, 11.52, 1.52 ], "texture": "#main" },
				"south": { "uv": [ 10.48, 0.4799995, 11.52, 1.52 ], "texture": "#main" },
				"west": { "uv": [ 10.48, 0.4799995, 11.52, 1.52 ], "texture": "#main" },
				"east": { "uv": [ 10.48, 0.4799995, 11.52, 1.52 ], "texture": "#main" }
			}
		},
		{
			"__comment": "Voxels-00DE89",
			"from": [ 9.5, 3, 7.5 ],
			"to": [ 10, 14, 8 ],
			"faces": {
				"down": { "uv": [ 10.48, 0.4799995, 11.52, 1.52 ], "texture": "#main" },
				"up": { "uv": [ 10.48, 0.4799995, 11.52, 1.52 ], "texture": "#main" },
				"north": { "uv": [ 10.48, 0.4799995, 11.52, 1.52 ], "texture": "#main" },
				"south": { "uv": [ 10.48, 0.4799995, 11.52, 1.52 ], "texture": "#main" },
				"west": { "uv": [ 10.48, 0.4799995, 11.52, 1.52 ], "texture": "#main" },
				"east": { "uv": [ 10.48, 0.4799995, 11.52, 1.52 ], "texture": "#main" }
			}
		},
		{
			"__comment": "Voxels-00DE89",
			"from": [ 9.5, 12.5, 7 ],
			"to": [ 10, 14.5, 7.5 ],
			"faces": {
				"up": { "uv": [ 10.48, 0.4799995, 11.52, 1.52 ], "texture": "#main" },
				"north": { "uv": [ 10.48, 0.4799995, 11.52, 1.52 ], "texture": "#main" },
				"south": { "uv": [ 10.48, 0.4799995, 11.52, 1.52 ], "texture": "#main" },
				"west": { "uv": [ 10.48, 0.4799995, 11.52, 1.52 ], "texture": "#main" }
			}
		},
		{
			"__comment": "Voxels-00DE00",
			"from": [ 10, 3, 7 ],
			"to": [ 10.5, 3.5, 7.5 ],
			"faces": {
				"down": { "uv": [ 12.48, 0.4799995, 13.52, 1.52 ], "texture": "#main" },
				"north": { "uv": [ 12.48, 0.4799995, 13.52, 1.52 ], "texture": "#main" },
				"south": { "uv": [ 12.48, 0.4799995, 13.52, 1.52 ], "texture": "#main" },
				"east": { "uv": [ 12.48, 0.4799995, 13.52, 1.52 ], "texture": "#main" }
			}
		},
		{
			"__comment": "Voxels-00DE00",
			"from": [ 10, 3.5, 6.5 ],
			"to": [ 10.5, 14.5, 7 ],
			"faces": {
				"down": { "uv": [ 12.48, 0.4799995, 13.52, 1.52 ], "texture": "#main" },
				"up": { "uv": [ 12.48, 0.4799995, 13.52, 1.52 ], "texture": "#main" },
				"north": { "uv": [ 12.48, 0.4799995, 13.52, 1.52 ], "texture": "#main" },
				"south": { "uv": [ 12.48, 0.4799995, 13.52, 1.52 ], "texture": "#main" },
				"west": { "uv": [ 12.48, 0.4799995, 13.52, 1.52 ], "texture": "#main" },
				"east": { "uv": [ 12.48, 0.4799995, 13.52, 1.52 ], "texture": "#main" }
			}
		},
		{
			"__comment": "Voxels-00DE00",
			"from": [ 10, 3.5, 7.5 ],
			"to": [ 10.5, 14.5, 8 ],
			"faces": {
				"down": { "uv": [ 12.48, 0.4799995, 13.52, 1.52 ], "texture": "#main" },
				"up": { "uv": [ 12.48, 0.4799995, 13.52, 1.52 ], "texture": "#main" },
				"north": { "uv": [ 12.48, 0.4799995, 13.52, 1.52 ], "texture": "#main" },
				"south": { "uv": [ 12.48, 0.4799995, 13.52, 1.52 ], "texture": "#main" },
				"west": { "uv": [ 12.48, 0.4799995, 13.52, 1.52 ], "texture": "#main" },
				"east": { "uv": [ 12.48, 0.4799995, 13.52, 1.52 ], "texture": "#main" }
			}
		},
		{
			"__comment": "Voxels-00DE00",
			"from": [ 10, 12.5, 7 ],
			"to": [ 10.5, 15, 7.5 ],
			"faces": {
				"up": { "uv": [ 12.48, 0.4799995, 13.52, 1.52 ], "texture": "#main" },
				"north": { "uv": [ 12.48, 0.4799995, 13.52, 1.52 ], "texture": "#main" },
				"south": { "uv": [ 12.48, 0.4799995, 13.52, 1.52 ], "texture": "#main" },
				"west": { "uv": [ 12.48, 0.4799995, 13.52, 1.52 ], "texture": "#main" }
			}
		},
		{
			"__comment": "Voxels-6FDE00",
			"from": [ 10.5, 3.5, 7 ],
			"to": [ 11, 4.5, 7.5 ],
			"faces": {
				"down": { "uv": [ 14.48, 0.4799995, 15.52, 1.52 ], "texture": "#main" },
				"north": { "uv": [ 14.48, 0.4799995, 15.52, 1.52 ], "texture": "#main" },
				"south": { "uv": [ 14.48, 0.4799995, 15.52, 1.52 ], "texture": "#main" },
				"west": { "uv": [ 14.48, 0.4799995, 15.52, 1.52 ], "texture": "#main" },
				"east": { "uv": [ 14.48, 0.4799995, 15.52, 1.52 ], "texture": "#main" }
			}
		},
		{
			"__comment": "Voxels-6FDE00",
			"from": [ 10.5, 4, 6.5 ],
			"to": [ 11, 14.5, 7 ],
			"faces": {
				"down": { "uv": [ 14.48, 0.4799995, 15.52, 1.52 ], "texture": "#main" },
				"up": { "uv": [ 14.48, 0.4799995, 15.52, 1.52 ], "texture": "#main" },
				"north": { "uv": [ 14.48, 0.4799995, 15.52, 1.52 ], "texture": "#main" },
				"south": { "uv": [ 14.48, 0.4799995, 15.52, 1.52 ], "texture": "#main" },
				"east": { "uv": [ 14.48, 0.4799995, 15.52, 1.52 ], "texture": "#main" }
			}
		},
		{
			"__comment": "Voxels-6FDE00",
			"from": [ 10.5, 4, 7.5 ],
			"to": [ 11, 14.5, 8 ],
			"faces": {
				"down": { "uv": [ 14.48, 0.4799995, 15.52, 1.52 ], "texture": "#main" },
				"up": { "uv": [ 14.48, 0.4799995, 15.52, 1.52 ], "texture": "#main" },
				"north": { "uv": [ 14.48, 0.4799995, 15.52, 1.52 ], "texture": "#main" },
				"south": { "uv": [ 14.48, 0.4799995, 15.52, 1.52 ], "texture": "#main" },
				"east": { "uv": [ 14.48, 0.4799995, 15.52, 1.52 ], "texture": "#main" }
			}
		},
		{
			"__comment": "Voxels-6FDE00",
			"from": [ 10.5, 12.5, 7 ],
			"to": [ 11, 15, 7.5 ],
			"faces": {
				"up": { "uv": [ 14.48, 0.4799995, 15.52, 1.52 ], "texture": "#main" },
				"north": { "uv": [ 14.48, 0.4799995, 15.52, 1.52 ], "texture": "#main" },
				"south": { "uv": [ 14.48, 0.4799995, 15.52, 1.52 ], "texture": "#main" }
			}
		},
		{
			"__comment": "Voxels-DEDE00",
			"from": [ 11, 4, 7 ],
			"to": [ 11.5, 4.5, 7.5 ],
			"faces": {
				"down": { "uv": [ 0.48, 2.48, 1.52, 3.52 ], "texture": "#main" },
				"north": { "uv": [ 0.48, 2.48, 1.52, 3.52 ], "texture": "#main" },
				"south": { "uv": [ 0.48, 2.48, 1.52, 3.52 ], "texture": "#main" },
				"east": { "uv": [ 0.48, 2.48, 1.52, 3.52 ], "texture": "#main" }
			}
		},
		{
			"__comment": "Voxels-DEDE00",
			"from": [ 11, 4.5, 6.5 ],
			"to": [ 11.5, 14.5, 7 ],
			"faces": {
				"down": { "uv": [ 0.48, 2.48, 1.52, 3.52 ], "texture": "#main" },
				"up": { "uv": [ 0.48, 2.48, 1.52, 3.52 ], "texture": "#main" },
				"north": { "uv": [ 0.48, 2.48, 1.52, 3.52 ], "texture": "#main" },
				"south": { "uv": [ 0.48, 2.48, 1.52, 3.52 ], "texture": "#main" },
				"east": { "uv": [ 0.48, 2.48, 1.52, 3.52 ], "texture": "#main" }
			}
		},
		{
			"__comment": "Voxels-DEDE00",
			"from": [ 11, 4.5, 7.5 ],
			"to": [ 11.5, 14.5, 8 ],
			"faces": {
				"down": { "uv": [ 0.48, 2.48, 1.52, 3.52 ], "texture": "#main" },
				"up": { "uv": [ 0.48, 2.48, 1.52, 3.52 ], "texture": "#main" },
				"north": { "uv": [ 0.48, 2.48, 1.52, 3.52 ], "texture": "#main" },
				"south": { "uv": [ 0.48, 2.48, 1.52, 3.52 ], "texture": "#main" },
				"east": { "uv": [ 0.48, 2.48, 1.52, 3.52 ], "texture": "#main" }
			}
		},
		{
			"__comment": "Voxels-DEDE00",
			"from": [ 11, 12.5, 7 ],
			"to": [ 11.5, 15, 7.5 ],
			"faces": {
				"up": { "uv": [ 0.48, 2.48, 1.52, 3.52 ], "texture": "#main" },
				"north": { "uv": [ 0.48, 2.48, 1.52, 3.52 ], "texture": "#main" },
				"south": { "uv": [ 0.48, 2.48, 1.52, 3.52 ], "texture": "#main" }
			}
		},
		{
			"__comment": "Voxels-DEB800",
			"from": [ 11.5, 4.5, 7 ],
			"to": [ 12, 5.5, 7.5 ],
			"faces": {
				"down": { "uv": [ 2.48, 2.48, 3.52, 3.52 ], "texture": "#main" },
				"north": { "uv": [ 2.48, 2.48, 3.52, 3.52 ], "texture": "#main" },
				"south": { "uv": [ 2.48, 2.48, 3.52, 3.52 ], "texture": "#main" },
				"west": { "uv": [ 2.48, 2.48, 3.52, 3.52 ], "texture": "#main" },
				"east": { "uv": [ 2.48, 2.48, 3.52, 3.52 ], "texture": "#main" }
			}
		},
		{
			"__comment": "Voxels-DEB800",
			"from": [ 11.5, 5, 6.5 ],
			"to": [ 12, 14.5, 7 ],
			"faces": {
				"down": { "uv": [ 2.48, 2.48, 3.52, 3.52 ], "texture": "#main" },
				"up": { "uv": [ 2.48, 2.48, 3.52, 3.52 ], "texture": "#main" },
				"north": { "uv": [ 2.48, 2.48, 3.52, 3.52 ], "texture": "#main" },
				"south": { "uv": [ 2.48, 2.48, 3.52, 3.52 ], "texture": "#main" },
				"east": { "uv": [ 2.48, 2.48, 3.52, 3.52 ], "texture": "#main" }
			}
		},
		{
			"__comment": "Voxels-DEB800",
			"from": [ 11.5, 5, 7.5 ],
			"to": [ 12, 14.5, 8 ],
			"faces": {
				"down": { "uv": [ 2.48, 2.48, 3.52, 3.52 ], "texture": "#main" },
				"up": { "uv": [ 2.48, 2.48, 3.52, 3.52 ], "texture": "#main" },
				"north": { "uv": [ 2.48, 2.48, 3.52, 3.52 ], "texture": "#main" },
				"south": { "uv": [ 2.48, 2.48, 3.52, 3.52 ], "texture": "#main" },
				"east": { "uv": [ 2.48, 2.48, 3.52, 3.52 ], "texture": "#main" }
			}
		},
		{
			"__comment": "Voxels-DEB800",
			"from": [ 11.5, 12.5, 7 ],
			"to": [ 12, 15, 7.5 ],
			"faces": {
				"up": { "uv": [ 2.48, 2.48, 3.52, 3.52 ], "texture": "#main" },
				"north": { "uv": [ 2.48, 2.48, 3.52, 3.52 ], "texture": "#main" },
				"south": { "uv": [ 2.48, 2.48, 3.52, 3.52 ], "texture": "#main" }
			}
		},
		{
			"__comment": "Voxels-DE6F00",
			"from": [ 12, 5, 7 ],
			"to": [ 12.5, 6.5, 7.5 ],
			"faces": {
				"down": { "uv": [ 4.48, 2.48, 5.52, 3.52 ], "texture": "#main" },
				"north": { "uv": [ 4.48, 2.48, 5.52, 3.52 ], "texture": "#main" },
				"south": { "uv": [ 4.48, 2.48, 5.52, 3.52 ], "texture": "#main" },
				"west": { "uv": [ 4.48, 2.48, 5.52, 3.52 ], "texture": "#main" },
				"east": { "uv": [ 4.48, 2.48, 5.52, 3.52 ], "texture": "#main" }
			}
		},
		{
			"__comment": "Voxels-DE6F00",
			"from": [ 12, 5.5, 7.5 ],
			"to": [ 12.5, 14.5, 8 ],
			"faces": {
				"down": { "uv": [ 4.48, 2.48, 5.52, 3.52 ], "texture": "#main" },
				"up": { "uv": [ 4.48, 2.48, 5.52, 3.52 ], "texture": "#main" },
				"north": { "uv": [ 4.48, 2.48, 5.52, 3.52 ], "texture": "#main" },
				"south": { "uv": [ 4.48, 2.48, 5.52, 3.52 ], "texture": "#main" },
				"east": { "uv": [ 4.48, 2.48, 5.52, 3.52 ], "texture": "#main" }
			}
		},
		{
			"__comment": "Voxels-DE6F00",
			"from": [ 12, 6, 6.5 ],
			"to": [ 12.5, 14.5, 7 ],
			"faces": {
				"down": { "uv": [ 4.48, 2.48, 5.52, 3.52 ], "texture": "#main" },
				"up": { "uv": [ 4.48, 2.48, 5.52, 3.52 ], "texture": "#main" },
				"north": { "uv": [ 4.48, 2.48, 5.52, 3.52 ], "texture": "#main" },
				"south": { "uv": [ 4.48, 2.48, 5.52, 3.52 ], "texture": "#main" },
				"east": { "uv": [ 4.48, 2.48, 5.52, 3.52 ], "texture": "#main" }
			}
		},
		{
			"__comment": "Voxels-DE6F00",
			"from": [ 12, 12.5, 7 ],
			"to": [ 12.5, 15, 7.5 ],
			"faces": {
				"up": { "uv": [ 4.48, 2.48, 5.52, 3.52 ], "texture": "#main" },
				"north": { "uv": [ 4.48, 2.48, 5.52, 3.52 ], "texture": "#main" },
				"south": { "uv": [ 4.48, 2.48, 5.52, 3.52 ], "texture": "#main" }
			}
		},
		{
			"__comment": "Voxels-DE3700",
			"from": [ 12.5, 5.5, 7 ],
			"to": [ 13, 6.5, 7.5 ],
			"faces": {
				"down": { "uv": [ 6.48, 2.48, 7.52, 3.52 ], "texture": "#main" },
				"north": { "uv": [ 6.48, 2.48, 7.52, 3.52 ], "texture": "#main" },
				"south": { "uv": [ 6.48, 2.48, 7.52, 3.52 ], "texture": "#main" },
				"east": { "uv": [ 6.48, 2.48, 7.52, 3.52 ], "texture": "#main" }
			}
		},
		{
			"__comment": "Voxels-DE3700",
			"from": [ 12.5, 6, 7.5 ],
			"to": [ 13, 14.5, 8 ],
			"faces": {
				"down": { "uv": [ 6.48, 2.48, 7.52, 3.52 ], "texture": "#main" },
				"up": { "uv": [ 6.48, 2.48, 7.52, 3.52 ], "texture": "#main" },
				"north": { "uv": [ 6.48, 2.48, 7.52, 3.52 ], "texture": "#main" },
				"south": { "uv": [ 6.48, 2.48, 7.52, 3.52 ], "texture": "#main" },
				"east": { "uv": [ 6.48, 2.48, 7.52, 3.52 ], "texture": "#main" }
			}
		},
		{
			"__comment": "Voxels-DE3700",
			"from": [ 12.5, 6.5, 6.5 ],
			"to": [ 13, 14.5, 7 ],
			"faces": {
				"down": { "uv": [ 6.48, 2.48, 7.52, 3.52 ], "texture": "#main" },
				"up": { "uv": [ 6.48, 2.48, 7.52, 3.52 ], "texture": "#main" },
				"north": { "uv": [ 6.48, 2.48, 7.52, 3.52 ], "texture": "#main" },
				"south": { "uv": [ 6.48, 2.48, 7.52, 3.52 ], "texture": "#main" },
				"east": { "uv": [ 6.48, 2.48, 7.52, 3.52 ], "texture": "#main" }
			}
		},
		{
			"__comment": "Voxels-DE3700",
			"from": [ 12.5, 12.5, 7 ],
			"to": [ 13, 15, 7.5 ],
			"faces": {
				"up": { "uv": [ 6.48, 2.48, 7.52, 3.52 ], "texture": "#main" },
				"north": { "uv": [ 6.48, 2.48, 7.52, 3.52 ], "texture": "#main" },
				"south": { "uv": [ 6.48, 2.48, 7.52, 3.52 ], "texture": "#main" }
			}
		},
		{
			"__comment": "Voxels-6000DF",
			"from": [ 13, 6, 7 ],
			"to": [ 13.5, 7.5, 7.5 ],
			"faces": {
				"down": { "uv": [ 8.48, 2.48, 9.52, 3.52 ], "texture": "#main" },
				"north": { "uv": [ 8.48, 2.48, 9.52, 3.52 ], "texture": "#main" },
				"south": { "uv": [ 8.48, 2.48, 9.52, 3.52 ], "texture": "#main" },
				"west": { "uv": [ 8.48, 2.48, 9.52, 3.52 ], "texture": "#main" },
				"east": { "uv": [ 8.48, 2.48, 9.52, 3.52 ], "texture": "#main" }
			}
		},
		{
			"__comment": "Voxels-6000DF",
			"from": [ 13, 6.5, 7.5 ],
			"to": [ 13.5, 14.5, 8 ],
			"faces": {
				"down": { "uv": [ 8.48, 2.48, 9.52, 3.52 ], "texture": "#main" },
				"up": { "uv": [ 8.48, 2.48, 9.52, 3.52 ], "texture": "#main" },
				"north": { "uv": [ 8.48, 2.48, 9.52, 3.52 ], "texture": "#main" },
				"south": { "uv": [ 8.48, 2.48, 9.52, 3.52 ], "texture": "#main" },
				"east": { "uv": [ 8.48, 2.48, 9.52, 3.52 ], "texture": "#main" }
			}
		},
		{
			"__comment": "Voxels-6000DF",
			"from": [ 13, 7, 6.5 ],
			"to": [ 13.5, 14.5, 7 ],
			"faces": {
				"down": { "uv": [ 8.48, 2.48, 9.52, 3.52 ], "texture": "#main" },
				"up": { "uv": [ 8.48, 2.48, 9.52, 3.52 ], "texture": "#main" },
				"north": { "uv": [ 8.48, 2.48, 9.52, 3.52 ], "texture": "#main" },
				"south": { "uv": [ 8.48, 2.48, 9.52, 3.52 ], "texture": "#main" },
				"east": { "uv": [ 8.48, 2.48, 9.52, 3.52 ], "texture": "#main" }
			}
		},
		{
			"__comment": "Voxels-6000DF",
			"from": [ 13, 12.5, 7 ],
			"to": [ 13.5, 15, 7.5 ],
			"faces": {
				"up": { "uv": [ 8.48, 2.48, 9.52, 3.52 ], "texture": "#main" },
				"north": { "uv": [ 8.48, 2.48, 9.52, 3.52 ], "texture": "#main" },
				"south": { "uv": [ 8.48, 2.48, 9.52, 3.52 ], "texture": "#main" }
			}
		},
		{
			"__comment": "Voxels-AA00DE",
			"from": [ 13.5, 6.5, 7 ],
			"to": [ 14, 7.5, 7.5 ],
			"faces": {
				"down": { "uv": [ 10.48, 2.48, 11.52, 3.52 ], "texture": "#main" },
				"north": { "uv": [ 10.48, 2.48, 11.52, 3.52 ], "texture": "#main" },
				"south": { "uv": [ 10.48, 2.48, 11.52, 3.52 ], "texture": "#main" },
				"east": { "uv": [ 10.48, 2.48, 11.52, 3.52 ], "texture": "#main" }
			}
		},
		{
			"__comment": "Voxels-AA00DE",
			"from": [ 13.5, 7, 7.5 ],
			"to": [ 14, 14.5, 8 ],
			"faces": {
				"down": { "uv": [ 10.48, 2.48, 11.52, 3.52 ], "texture": "#main" },
				"up": { "uv": [ 10.48, 2.48, 11.52, 3.52 ], "texture": "#main" },
				"north": { "uv": [ 10.48, 2.48, 11.52, 3.52 ], "texture": "#main" },
				"south": { "uv": [ 10.48, 2.48, 11.52, 3.52 ], "texture": "#main" },
				"east": { "uv": [ 10.48, 2.48, 11.52, 3.52 ], "texture": "#main" }
			}
		},
		{
			"__comment": "Voxels-AA00DE",
			"from": [ 13.5, 7.5, 6.5 ],
			"to": [ 14, 14.5, 7 ],
			"faces": {
				"down": { "uv": [ 10.48, 2.48, 11.52, 3.52 ], "texture": "#main" },
				"up": { "uv": [ 10.48, 2.48, 11.52, 3.52 ], "texture": "#main" },
				"north": { "uv": [ 10.48, 2.48, 11.52, 3.52 ], "texture": "#main" },
				"south": { "uv": [ 10.48, 2.48, 11.52, 3.52 ], "texture": "#main" },
				"east": { "uv": [ 10.48, 2.48, 11.52, 3.52 ], "texture": "#main" }
			}
		},
		{
			"__comment": "Voxels-AA00DE",
			"from": [ 13.5, 12.5, 7 ],
			"to": [ 14, 15, 7.5 ],
			"faces": {
				"up": { "uv": [ 10.48, 2.48, 11.52, 3.52 ], "texture": "#main" },
				"north": { "uv": [ 10.48, 2.48, 11.52, 3.52 ], "texture": "#main" },
				"south": { "uv": [ 10.48, 2.48, 11.52, 3.52 ], "texture": "#main" },
				"east": { "uv": [ 10.48, 2.48, 11.52, 3.52 ], "texture": "#main" }
			}
		},
		{
			"__comment": "Voxels-DE00DE",
			"from": [ 14, 7, 7 ],
			"to": [ 14.5, 8.5, 7.5 ],
			"faces": {
				"down": { "uv": [ 12.48, 2.48, 13.52, 3.52 ], "texture": "#main" },
				"north": { "uv": [ 12.48, 2.48, 13.52, 3.52 ], "texture": "#main" },
				"south": { "uv": [ 12.48, 2.48, 13.52, 3.52 ], "texture": "#main" },
				"west": { "uv": [ 12.48, 2.48, 13.52, 3.52 ], "texture": "#main" },
				"east": { "uv": [ 12.48, 2.48, 13.52, 3.52 ], "texture": "#main" }
			}
		},
		{
			"__comment": "Voxels-DE00DE",
			"from": [ 14, 7.5, 7.5 ],
			"to": [ 14.5, 14, 8 ],
			"faces": {
				"down": { "uv": [ 12.48, 2.48, 13.52, 3.52 ], "texture": "#main" },
				"up": { "uv": [ 12.48, 2.48, 13.52, 3.52 ], "texture": "#main" },
				"north": { "uv": [ 12.48, 2.48, 13.52, 3.52 ], "texture": "#main" },
				"south": { "uv": [ 12.48, 2.48, 13.52, 3.52 ], "texture": "#main" },
				"east": { "uv": [ 12.48, 2.48, 13.52, 3.52 ], "texture": "#main" }
			}
		},
		{
			"__comment": "Voxels-DE00DE",
			"from": [ 14, 8, 6.5 ],
			"to": [ 14.5, 14, 7 ],
			"faces": {
				"down": { "uv": [ 12.48, 2.48, 13.52, 3.52 ], "texture": "#main" },
				"up": { "uv": [ 12.48, 2.48, 13.52, 3.52 ], "texture": "#main" },
				"north": { "uv": [ 12.48, 2.48, 13.52, 3.52 ], "texture": "#main" },
				"south": { "uv": [ 12.48, 2.48, 13.52, 3.52 ], "texture": "#main" },
				"east": { "uv": [ 12.48, 2.48, 13.52, 3.52 ], "texture": "#main" }
			}
		},
		{
			"__comment": "Voxels-DE00DE",
			"from": [ 14, 12.5, 7 ],
			"to": [ 14.5, 14.5, 7.5 ],
			"faces": {
				"up": { "uv": [ 12.48, 2.48, 13.52, 3.52 ], "texture": "#main" },
				"north": { "uv": [ 12.48, 2.48, 13.52, 3.52 ], "texture": "#main" },
				"south": { "uv": [ 12.48, 2.48, 13.52, 3.52 ], "texture": "#main" },
				"east": { "uv": [ 12.48, 2.48, 13.52, 3.52 ], "texture": "#main" }
			}
		},
		{
			"__comment": "Voxels-DE006F",
			"from": [ 14.5, 7.5, 7 ],
			"to": [ 15, 8.5, 7.5 ],
			"faces": {
				"down": { "uv": [ 14.48, 2.48, 15.52, 3.52 ], "texture": "#main" },
				"north": { "uv": [ 14.48, 2.48, 15.52, 3.52 ], "texture": "#main" },
				"south": { "uv": [ 14.48, 2.48, 15.52, 3.52 ], "texture": "#main" },
				"east": { "uv": [ 14.48, 2.48, 15.52, 3.52 ], "texture": "#main" }
			}
		},
		{
			"__comment": "Voxels-DE006F",
			"from": [ 14.5, 8, 7.5 ],
			"to": [ 15, 13.5, 8 ],
			"faces": {
				"down": { "uv": [ 14.48, 2.48, 15.52, 3.52 ], "texture": "#main" },
				"up": { "uv": [ 14.48, 2.48, 15.52, 3.52 ], "texture": "#main" },
				"north": { "uv": [ 14.48, 2.48, 15.52, 3.52 ], "texture": "#main" },
				"south": { "uv": [ 14.48, 2.48, 15.52, 3.52 ], "texture": "#main" },
				"east": { "uv": [ 14.48, 2.48, 15.52, 3.52 ], "texture": "#main" }
			}
		},
		{
			"__comment": "Voxels-DE006F",
			"from": [ 14.5, 8.5, 6.5 ],
			"to": [ 15, 13.5, 7 ],
			"faces": {
				"down": { "uv": [ 14.48, 2.48, 15.52, 3.52 ], "texture": "#main" },
				"up": { "uv": [ 14.48, 2.48, 15.52, 3.52 ], "texture": "#main" },
				"north": { "uv": [ 14.48, 2.48, 15.52, 3.52 ], "texture": "#main" },
				"south": { "uv": [ 14.48, 2.48, 15.52, 3.52 ], "texture": "#main" },
				"east": { "uv": [ 14.48, 2.48, 15.52, 3.52 ], "texture": "#main" }
			}
		},
		{
			"__comment": "Voxels-DE006F",
			"from": [ 14.5, 12.5, 7 ],
			"to": [ 15.5, 13, 7.5 ],
			"faces": {
				"down": { "uv": [ 14.48, 2.48, 15.52, 3.52 ], "texture": "#main" },
				"up": { "uv": [ 14.48, 2.48, 15.52, 3.52 ], "texture": "#main" },
				"north": { "uv": [ 14.48, 2.48, 15.52, 3.52 ], "texture": "#main" },
				"south": { "uv": [ 14.48, 2.48, 15.52, 3.52 ], "texture": "#main" }
			}
		},
		{
			"__comment": "Voxels-DE006F",
			"from": [ 14.5, 13, 7 ],
			"to": [ 15, 14, 7.5 ],
			"faces": {
				"up": { "uv": [ 14.48, 2.48, 15.52, 3.52 ], "texture": "#main" },
				"north": { "uv": [ 14.48, 2.48, 15.52, 3.52 ], "texture": "#main" },
				"south": { "uv": [ 14.48, 2.48, 15.52, 3.52 ], "texture": "#main" },
				"east": { "uv": [ 14.48, 2.48, 15.52, 3.52 ], "texture": "#main" }
			}
		},
		{
			"__comment": "Voxels-71D6FF",
			"from": [ 15, 8, 7 ],
			"to": [ 15.5, 12.5, 7.5 ],
			"faces": {
				"down": { "uv": [ 0.48, 4.48, 1.52, 5.52 ], "texture": "#main" },
				"north": { "uv": [ 0.48, 4.48, 1.52, 5.52 ], "texture": "#main" },
				"south": { "uv": [ 0.48, 4.48, 1.52, 5.52 ], "texture": "#main" },
				"west": { "uv": [ 0.48, 4.48, 1.52, 5.52 ], "texture": "#main" },
				"east": { "uv": [ 0.48, 4.48, 1.52, 5.52 ], "texture": "#main" }
			}
		},
		{
			"__comment": "Voxels-71D6FF",
			"from": [ 15, 8.5, 7.5 ],
			"to": [ 15.5, 13, 8 ],
			"faces": {
				"down": { "uv": [ 0.48, 4.48, 1.52, 5.52 ], "texture": "#main" },
				"up": { "uv": [ 0.48, 4.48, 1.52, 5.52 ], "texture": "#main" },
				"north": { "uv": [ 0.48, 4.48, 1.52, 5.52 ], "texture": "#main" },
				"south": { "uv": [ 0.48, 4.48, 1.52, 5.52 ], "texture": "#main" },
				"east": { "uv": [ 0.48, 4.48, 1.52, 5.52 ], "texture": "#main" }
			}
		},
		{
			"__comment": "Voxels-71D6FF",
			"from": [ 15, 9, 6.5 ],
			"to": [ 15.5, 13, 7 ],
			"faces": {
				"down": { "uv": [ 0.48, 4.48, 1.52, 5.52 ], "texture": "#main" },
				"up": { "uv": [ 0.48, 4.48, 1.52, 5.52 ], "texture": "#main" },
				"north": { "uv": [ 0.48, 4.48, 1.52, 5.52 ], "texture": "#main" },
				"south": { "uv": [ 0.48, 4.48, 1.52, 5.52 ], "texture": "#main" },
				"east": { "uv": [ 0.48, 4.48, 1.52, 5.52 ], "texture": "#main" }
			}
		},
		{
			"__comment": "Voxels-71D6FF",
			"from": [ 15, 13, 7 ],
			"to": [ 15.5, 13.5, 7.5 ],
			"faces": {
				"up": { "uv": [ 0.48, 4.48, 1.52, 5.52 ], "texture": "#main" },
				"north": { "uv": [ 0.48, 4.48, 1.52, 5.52 ], "texture": "#main" },
				"south": { "uv": [ 0.48, 4.48, 1.52, 5.52 ], "texture": "#main" },
				"east": { "uv": [ 0.48, 4.48, 1.52, 5.52 ], "texture": "#main" }
			}
		},
		{
			"__comment": "Voxels-8EFF8E",
			"from": [ 15.5, 8.5, 7 ],
			"to": [ 16, 13, 7.5 ],
			"faces": {
				"down": { "uv": [ 2.48, 4.48, 3.52, 5.52 ], "texture": "#main" },
				"up": { "uv": [ 2.48, 4.48, 3.52, 5.52 ], "texture": "#main" },
				"north": { "uv": [ 2.48, 4.48, 3.52, 5.52 ], "texture": "#main" },
				"south": { "uv": [ 2.48, 4.48, 3.52, 5.52 ], "texture": "#main" },
				"west": { "uv": [ 2.48, 4.48, 3.52, 5.52 ], "texture": "#main" },
				"east": { "uv": [ 2.48, 4.48, 3.52, 5.52 ], "texture": "#main", "cullface": "east" }
			}
		}
	],
	"display": {
		"thirdperson_righthand": {
			"rotation":  [ 40, -90, 55 ],
			"translation":  [ -1, 2, 0.5 ],
			"scale":  [ 0.45, 0.45, 0.45 ]
		},
		"thirdperson_lefthand": {
			"rotation":  [ 40, -90, 55 ],
			"translation":  [ -1, 2, 0.5 ],
			"scale":  [ -0.45, 0.45, 0.45 ]
		},
		"firstperson_righthand": {
			"rotation":  [ 0, -90, 25 ],
			"translation":  [ 1.13, 2.3304, -0.5 ],
			"scale":  [ 0.45, 0.45, 0.45 ]
		},
		"firstperson_lefthand": {
			"rotation":  [ 0, -90, 25 ],
			"translation":  [ 1.13, 2.3304, -0.5 ],
			"scale":  [ -0.45, 0.45, 0.45 ]
		},
		"gui": {
			"rotation":  [ 10, -10, 0 ],
			"translation":  [ -0.5, -0.5, 0 ],
			"scale":  [ 0.65, 0.65, 0.65 ]
		},
		"head": {
			"translation":  [ 0, 17.266, 0 ]
		},
		"ground": {
			"rotation":  [ 45, 0, 0 ],
			"translation":  [ 0, 12, 0 ],
			"scale":  [ 0.4, 0.4, 0.4 ]
		},
		"fixed": {
			"translation":  [ 0, 0, -3 ],
			"scale":  [ 0.8, 0.8, 0.8 ]
		}
	}
}