{
	"parent": "item/handheld",
	"textures": {
		"layer0": "items/wood_axe"
	},
	"overrides": [
		{ "predicate": {"damaged": 0, "damage": 0}, "model": "item/wooden_axe"},
		{ "predicate": {"damaged": 0, "damage": 0.016666666666666666}, "model": "item/custom/dollar"},
		{ "predicate": {"damaged": 0, "damage": 0.03333333333333333}, "model": "item/custom/coin"},
		{ "predicate": {"damaged": 0, "damage": 0.05}, "model": "item/custom/sack"},
		{ "predicate": {"damaged": 1, "damage": 0}, "model": "item/wooden_axe"}
	]
}