{
	"__comment": "http://nullbox.net - Designed by NullBlox with Cubik Studio - http://bdcraft.net",
	"textures": {
		"main": "items/nubx/gui/differential_module"
	},
	"elements": [ 	 
		{
			"__comment": "PlaneY1",
			"from": [ 0, 7.875, 0 ],
			"to": [ 16, 7.876, 16 ],
			"faces": {
				"down": { "uv": [ 0, 16, 16, 0 ], "texture": "#main" },
				"up": { "uv": [ 0, 0, 16, 16 ], "texture": "#main" }
			}
		}
	],
	"display": {
		"thirdperson_righthand": {
			"rotation":  [ 90, 0, 45 ],
			"translation":  [ 2, 2, 2 ],
			"scale":  [ 0.6, 0.6, 0.6 ]
		},
		"thirdperson_lefthand": {
			"rotation":  [ 90, 0, 45 ],
			"translation":  [ 2, 2, 2 ],
			"scale":  [ 0.6, 0.6, 0.6 ]
		},
		"firstperson_righthand": {
			"rotation":  [ 75, 180, -55 ],
			"translation":  [ 0, 2, 0 ],
			"scale":  [ -0.4, 0.4, -0.4 ]
		},
		"firstperson_lefthand": {
			"rotation":  [ 75, 180, -55 ],
			"translation":  [ 0, 2, 0 ],
			"scale":  [ -0.4, 0.4, -0.4 ]
		},
		"gui": {
			"rotation":  [ 90, 0, 0 ]
		},
		"head": {
			"rotation":  [ 90, 0, 0 ],
			"translation":  [ 0, 17, 0 ]
		},
		"ground": {
			"rotation":  [ 90, 0, 180 ],
			"translation":  [ 0, 12, 0 ],
			"scale":  [ 0.4, 0.4, 0.4 ]
		},
		"fixed": {
			"rotation":  [ 90, 0, 180 ],
			"translation":  [ 0, 0, -2 ]
		}
	}
}